[{"_user": "nobody", "entity_relationship_rule": {"read": "read_itsi_service", "delete": "delete_itsi_service", "write": "write_itsi_service"}, "files": {"read": "read_itsi_backup_restore", "delete": "delete_itsi_backup_restore", "write": "write_itsi_backup_restore"}, "service": {"read": "read_itsi_service", "delete": "delete_itsi_service", "write": "write_itsi_service"}, "event_management_state": {"read": "read_itsi_event_management_state", "delete": "delete_itsi_event_management_state", "write": "write_itsi_event_management_state"}, "entity_relationship": {"read": "read_itsi_service", "delete": "delete_itsi_service", "write": "write_itsi_service"}, "rbac": {"read": "configure_perms", "delete": "configure_perms", "write": "configure_perms"}, "kpi_base_search": {"read": "read_itsi_service", "delete": "delete_itsi_service", "write": "write_itsi_service"}, "mod_time": 1505247984.25611, "entity": {"read": "read_itsi_service", "delete": "delete_itsi_service", "write": "write_itsi_service"}, "_key": "itsi", "kpi": {"read": "read_itsi_service", "delete": "delete_itsi_service", "write": "write_itsi_service"}, "backup_restore": {"read": "read_itsi_backup_restore", "delete": "delete_itsi_backup_restore", "write": "write_itsi_backup_restore"}, "deep_dive_context": {"read": "read_itsi_deep_dive_context", "delete": "delete_itsi_deep_dive_context", "write": "write_itsi_deep_dive_context", "interact": "interact_with_itsi_deep_dive_context"}, "temporary_kpi": {"read": "read_itsi_temporary_kpi", "delete": "delete_itsi_temporary_kpi", "write": "write_itsi_temporary_kpi"}, "deep_dive": {"read": "read_itsi_deep_dive", "delete": "delete_itsi_deep_dive", "write": "write_itsi_deep_dive", "interact": "interact_with_itsi_deep_dive"}, "saved_page": null, "kpi_threshold_template": {"read": "read_itsi_kpi_threshold_template", "delete": "delete_itsi_kpi_threshold_template", "write": "write_itsi_kpi_threshold_template"}, "glass_table": {"read": "read_itsi_glass_table", "delete": "delete_itsi_glass_table", "write": "write_itsi_glass_table", "interact": "interact_with_itsi_glass_table"}, "kpi_template": {"read": "read_itsi_service", "delete": "delete_itsi_service", "write": "write_itsi_service"}, "home_view": {"read": "read_itsi_homeview", "delete": "delete_itsi_homeview", "write": "write_itsi_homeview", "interact": "interact_with_itsi_homeview"}}]