[{"is_migration_done": true, "_user": "nobody", "itsi_old_version": "2.6.1", "itsi_latest_version": "2.6.1", "title": "version_info_update_record_1505246196", "_key": "5996fb02c24ec52676680401", "object_type": "migration"}, {"itsi_latest_version": "2.6.1", "_user": "nobody", "itsi_old_version": "2.6.1", "is_migration_done": true, "title": "version_info_update_record_1503338929", "_key": "599b21b1c24ec519e7546e02", "object_type": "migration"}, {"itsi_latest_version": "2.6.1", "_user": "nobody", "itsi_old_version": "2.6.1", "is_migration_done": true, "title": "version_info_update_record_1503338930", "_key": "599b21b2c24ec519e7546e03", "object_type": "migration"}, {"is_migration_done": true, "_user": "nobody", "itsi_old_version": "2.6.1", "itsi_latest_version": "2.6.1", "title": "version_info_update_record_1503339367", "_key": "599b2367c24ec519e7546e04", "object_type": "migration"}, {"is_migration_done": true, "_user": "nobody", "itsi_old_version": "2.6.1", "itsi_latest_version": "2.6.1", "title": "version_info_update_record_1503339367", "_key": "599b2367c24ec519e7546e05", "object_type": "migration"}, {"itsi_latest_version": "2.6.1", "_user": "nobody", "itsi_old_version": "2.6.1", "is_migration_done": true, "title": "version_info_update_record_1503505815", "_key": "599dad97c24ec50878118621", "object_type": "migration"}, {"itsi_latest_version": "2.6.1", "_user": "nobody", "itsi_old_version": "2.6.1", "is_migration_done": true, "title": "version_info_update_record_1503505820", "_key": "599dad9cc24ec50878118622", "object_type": "migration"}]