[{"status": "5", "_user": "nobody", "owner": "unassigned", "severity": "1", "title": "Memory utilization is too high", "description": "AppDynamics has detected a problem with Node <b>NYSDMVMachineNode</b>.<br><b>Memory utilization is too high</b> continues to violate with <b>critical</b>.<br>All of the following conditions were found to be violating<br>For Node <b>NYSDMVMachineNode</b>:<br>1) Hardware Resources|Memory|Used % Condition<br><b>Used %'s</b> value <b>98.0</b> was <b>greater than</b> the threshold <b>90.0</b> for the last <b>30</b> minutes<br>", "mod_time": 1505247185.64925, "object_type": "notable_event_group", "_key": "063a2893-aa37-4713-9947-496657514f3c"}, {"status": "5", "_user": "nobody", "_owner": "nobody", "owner": "%owner%", "title": "PING CRITICAL - Packet loss = 100% DOWN", "description": "yourhost reported 1  via check:check-host-alive", "mod_time": 1503342151.11087, "create_time": 1503342151.11087, "severity": "1", "_key": "0b8aa3fa-5277-4890-9ecd-378fa70b7e8f", "object_type": "notable_event_group"}, {"status": "5", "_user": "nobody", "_owner": "nobody", "owner": "%owner%", "title": "PING OK - Packet loss = 0%, RTA = 0.39 ms UP", "description": "yourhost reported 0  via check:check-host-alive", "mod_time": 1503342228.07259, "create_time": 1503342228.07259, "severity": "1", "_key": "13440d23-d8e8-488c-8f7e-8a7691432edc", "object_type": "notable_event_group"}, {"status": "1", "_user": "nobody", "_owner": "nobody", "create_time": 1504029322.39728, "owner": "unassigned", "severity": "5", "mod_time": 1504029390.05144, "object_type": "notable_event_group", "_key": "16e20c8f-3c28-4736-ba35-b647a40e85f9"}, {"status": "1", "_user": "nobody", "_owner": "nobody", "owner": "%owner%", "title": "CRITICAL - Host Unreachable (192.168.1.88) DOWN", "description": "yourhost reported 1  via check:check-host-alive", "mod_time": 1503336597.50882, "create_time": 1503336597.50882, "severity": "1", "_key": "1a066dc6-fbbd-4e8e-987e-2e5a8d581028", "object_type": "notable_event_group"}, {"status": "5", "_user": "nobody", "severity": "1", "owner": "%owner%", "title": "CRITICAL - Host Unreachable (192.168.1.86) DOWN", "description": "yourhost reported 1  via check:check-host-alive", "mod_time": 1504014798.59788, "object_type": "notable_event_group", "_key": "23a189c3-bbdb-4536-907b-66794a9f977c"}, {"status": "5", "_user": "nobody", "_owner": "nobody", "owner": "unassigned", "title": "Starting Diagnostic Session after series of errors for a Business Transaction 12% (2/16) of requests had errors in the last minute starting 9/6/17 5:53 PM local time", "mod_time": 1504720747.68781, "severity": "1", "create_time": 1504720747.68781, "description": "Starting Diagnostic Session after series of errors for a Business Transaction 12% (2/16) of requests had errors in the last minute starting 9/6/17 5:53 PM local time", "_key": "299cfb51-deb3-47c0-98d0-744ea811279c", "object_type": "notable_event_group"}, {"status": "5", "_user": "nobody", "owner": "%owner%", "title": "(Host check timed out after 30.06 seconds) DOWN", "description": "yourhost reported 1  via check:check-host-alive", "severity": "1", "mod_time": 1504019274.66167, "object_type": "notable_event_group", "_key": "2f514564-ace9-4d5d-b1ed-bc2056c8a1a7"}, {"status": "5", "_user": "nobody", "severity": "1", "owner": "unassigned", "title": "Starting Diagnostic Session after series of errors for a Business Transaction 27% (10/37) of requests had errors in the last minute starting 9/7/17 2:15 PM local time", "description": "Starting Diagnostic Session after series of errors for a Business Transaction 27% (10/37) of requests had errors in the last minute starting 9/7/17 2:15 PM local time", "mod_time": 1504794128.90572, "object_type": "notable_event_group", "_key": "31336c27-8642-499f-bc70-70fe93d10dcf"}, {"status": "1", "_user": "nobody", "_owner": "nobody", "create_time": 1504029259.17298, "owner": "unassigned", "severity": "5", "mod_time": 1504029267.22405, "object_type": "notable_event_group", "_key": "3d7ebffa-5930-4b02-82a7-92eaf501cc0e"}, {"status": "5", "_user": "nobody", "_owner": "nobody", "owner": "unassigned", "title": "Starting Diagnostic Session after series of slow requests for a Business Transaction 11% (2/18) of requests were slow in the last minute starting 9/6/17 6:02 PM local time", "mod_time": 1504721349.54636, "severity": "1", "create_time": 1504721349.54636, "description": "Starting Diagnostic Session after series of slow requests for a Business Transaction 11% (2/18) of requests were slow in the last minute starting 9/6/17 6:02 PM local time", "_key": "408eb98b-a621-4bbb-a9a3-769a2d970b5a", "object_type": "notable_event_group"}, {"status": "5", "_user": "nobody", "_owner": "nobody", "owner": "unassigned", "title": "EndpointNotFoundException: Could not connect to net.tcp://localhost:50500/ScheduleService. The connection attempt lasted for a time span of 00:00:02.0470587. TCP error code 10061: No connection could be made because the target machine actively refused it 127.0.0.1:50500. ", "description": "EndpointNotFoundException: Could not connect to net.tcp://localhost:50500/ScheduleService. The connection attempt lasted for a time span of 00:00:02.0470587. TCP error code 10061: No connection could be made because the target machine actively refused it 127.0.0.1:50500. ", "mod_time": 1504722545.99674, "create_time": 1504722545.99674, "severity": "1", "_key": "4b1b3a3d-8d8b-457b-bdfd-9fa781ffe22c", "object_type": "notable_event_group"}, {"status": "5", "_user": "nobody", "_owner": "nobody", "owner": "unassigned", "title": "Starting Diagnostic Session after series of slow requests for a Business Transaction 13% (20/150) of requests were slow in the last minute starting 9/6/2017 6:33:13 PM local time", "description": "Starting Diagnostic Session after series of slow requests for a Business Transaction 13% (20/150) of requests were slow in the last minute starting 9/6/2017 6:33:13 PM local time", "mod_time": 1504723147.93867, "create_time": 1504723147.93867, "severity": "1", "_key": "4b231f42-4e16-40b5-bc49-1f8e4dfdd075", "object_type": "notable_event_group"}, {"status": "5", "_user": "nobody", "_key": "560188fe-eed3-475b-a854-cebcbb5ce272", "owner": "unassigned", "title": "Starting Diagnostic Session after series of errors for a Business Transaction 100% (12/12) of requests had errors in the last minute starting 9/12/17 7:55 PM local time", "severity": "1", "description": "Starting Diagnostic Session after series of errors for a Business Transaction 100% (12/12) of requests had errors in the last minute starting 9/12/17 7:55 PM local time", "object_type": "notable_event_group", "mod_time": 1505246288.45454}, {"status": "5", "_user": "nobody", "_owner": "nobody", "owner": "unassigned", "title": "EndpointNotFoundException: Could not connect to net.tcp://localhost:50500/ScheduleService. The connection attempt lasted for a time span of 00:00:02.0156735. TCP error code 10061: No connection could be made because the target machine actively refused it 127.0.0.1:50500. ", "mod_time": 1504720506.73535, "severity": "1", "create_time": 1504720506.73535, "description": "EndpointNotFoundException: Could not connect to net.tcp://localhost:50500/ScheduleService. The connection attempt lasted for a time span of 00:00:02.0156735. TCP error code 10061: No connection could be made because the target machine actively refused it 127.0.0.1:50500. ", "_key": "56a58267-85b2-4260-a62f-81a828da3a2b", "object_type": "notable_event_group"}, {"status": "5", "_user": "nobody", "owner": "%owner%", "severity": "1", "title": "PING OK - Packet loss = 0%, RTA = 0.41 ms UP", "description": "yourhost reported 0  via check:check-host-alive", "mod_time": 1504014831.76528, "object_type": "notable_event_group", "_key": "58f5058f-cb56-43ba-9a90-035d0739d6a4"}, {"status": "5", "_user": "nobody", "_owner": "nobody", "create_time": 1504026312.20151, "owner": "%owner%", "severity": "1", "mod_time": 1504026318.17058, "object_type": "notable_event_group", "_key": "59296d87-2c40-4edc-8353-d2d9a32aa1ce"}, {"status": "5", "_user": "nobody", "_owner": "nobody", "create_time": 1504028425.96571, "owner": "%owner%", "severity": "1", "mod_time": 1504028425.96571, "object_type": "notable_event_group", "_key": "5a3a368a-0caf-4331-9439-a697b1488800"}, {"status": "5", "_user": "nobody", "_owner": "nobody", "owner": "unassigned", "title": "Starting Diagnostic Session after series of slow requests for a Business Transaction 50% (6/12) of requests were slow in the last minute starting 9/6/17 5:53 PM local time", "mod_time": 1504720750.89876, "severity": "1", "create_time": 1504720750.89876, "description": "Starting Diagnostic Session after series of slow requests for a Business Transaction 50% (6/12) of requests were slow in the last minute starting 9/6/17 5:53 PM local time", "_key": "5d219a6e-c982-498d-89e3-6b19b0f38df3", "object_type": "notable_event_group"}, {"status": "5", "_user": "nobody", "_owner": "nobody", "create_time": 1504028395.51188, "owner": "%owner%", "severity": "1", "mod_time": 1504028395.51188, "object_type": "notable_event_group", "_key": "6328d10b-f026-4cea-b043-cd97f7d9b1e2"}, {"status": "5", "_user": "nobody", "_owner": "nobody", "owner": "unassigned", "title": "Starting Diagnostic Session after series of slow requests for a Business Transaction 90% (9/10) of requests were slow in the last minute starting 9/6/17 5:46 PM local time", "mod_time": 1504720159.61867, "severity": "1", "create_time": 1504720159.61867, "description": "Starting Diagnostic Session after series of slow requests for a Business Transaction 90% (9/10) of requests were slow in the last minute starting 9/6/17 5:46 PM local time", "_key": "7998f1d6-3469-4122-a786-00bad83987eb", "object_type": "notable_event_group"}, {"status": "5", "_user": "nobody", "severity": "1", "owner": "%owner%", "title": "PING OK - Packet loss = 0%, RTA = 0.43 ms UP", "description": "yourhost reported 0  via check:check-host-alive", "mod_time": 1504013403.12162, "object_type": "notable_event_group", "_key": "8747c466-2287-4a42-befa-cdcd66e21241"}, {"status": "5", "_user": "nobody", "_owner": "nobody", "owner": "unassigned", "title": "Starting Diagnostic Session after series of slow requests for a Business Transaction 12% (18/147) of requests were slow in the last minute starting 9/6/2017 5:58:12 PM local time", "description": "Starting Diagnostic Session after series of slow requests for a Business Transaction 12% (18/147) of requests were slow in the last minute starting 9/6/2017 5:58:12 PM local time", "mod_time": 1504721107.7901, "create_time": 1504721107.7901, "severity": "1", "_key": "89710381-7b9c-41d4-8fe6-969b49d693b9", "object_type": "notable_event_group"}, {"status": "5", "_user": "nobody", "_owner": "nobody", "owner": "%owner%", "title": "PING CRITICAL - Packet loss = 100% DOWN", "description": "yourhost reported 1  via check:check-host-alive", "mod_time": 1503348958.15325, "create_time": 1503348958.15325, "severity": "1", "_key": "89e2aaa6-08ee-427c-89fd-85d97ce5105b", "object_type": "notable_event_group"}, {"status": "5", "_user": "nobody", "severity": "1", "owner": "unassigned", "title": "Starting Diagnostic Session after series of errors for a Business Transaction 43% (10/23) of requests had errors in the last minute starting 9/12/17 8:09 PM local time", "description": "Starting Diagnostic Session after series of errors for a Business Transaction 43% (10/23) of requests had errors in the last minute starting 9/12/17 8:09 PM local time", "mod_time": 1505247185.61485, "object_type": "notable_event_group", "_key": "8ae3edb0-38fb-4080-8d65-3fea3c1f39ee"}, {"status": "5", "_user": "nobody", "owner": "unassigned", "severity": "1", "title": "Starting Diagnostic Session after series of slow requests for a Business Transaction 30% (3/10) of requests were slow in the last minute starting 9/7/17 2:15 PM local time", "description": "Starting Diagnostic Session after series of slow requests for a Business Transaction 30% (3/10) of requests were slow in the last minute starting 9/7/17 2:15 PM local time", "mod_time": 1504794128.29672, "object_type": "notable_event_group", "_key": "8ccd40e8-09c4-415b-8a7b-6c04bc882a1d"}, {"status": "5", "_user": "nobody", "owner": "unassigned", "severity": "1", "title": "Starting Diagnostic Session after series of errors for a Business Transaction 100% (10/10) of requests had errors in the last minute starting 9/7/17 2:23 PM local time", "description": "Starting Diagnostic Session after series of errors for a Business Transaction 100% (10/10) of requests had errors in the last minute starting 9/7/17 2:23 PM local time", "mod_time": 1504794605.95743, "object_type": "notable_event_group", "_key": "93e8edd4-c0d1-4c09-bc73-9eb65e2488b6"}, {"status": "5", "_user": "nobody", "severity": "1", "owner": "%owner%", "title": "CRITICAL - Host Unreachable (192.168.1.12) DOWN", "description": "myserver12 reported DOWN via check:check-host-alive", "mod_time": 1504030011.07766, "object_type": "notable_event_group", "_key": "96d292d4-a8a4-4bd7-87fb-21b1a77d13ed"}, {"status": "5", "_user": "nobody", "owner": "%owner%", "title": "CRITICAL - Host Unreachable (192.168.1.86) DOWN", "description": "yourhost reported 1  via check:check-host-alive", "severity": "1", "mod_time": 1504026862.17259, "object_type": "notable_event_group", "_key": "99bdcb42-7166-49ae-852a-c38cd394425e"}, {"status": "5", "_user": "nobody", "_owner": "nobody", "owner": "unassigned", "title": "Starting Diagnostic Session after series of errors for a Business Transaction 21% (3/14) of requests had errors in the last minute starting 9/6/17 6:07 PM local time", "description": "Starting Diagnostic Session after series of errors for a Business Transaction 21% (3/14) of requests had errors in the last minute starting 9/6/17 6:07 PM local time", "mod_time": 1504721645.65058, "create_time": 1504721645.65058, "severity": "1", "_key": "9bca4f6c-052a-4379-9523-b0655c733614", "object_type": "notable_event_group"}, {"status": "5", "_user": "nobody", "_owner": "nobody", "owner": "unassigned", "title": "Starting Diagnostic Session after series of slow requests for a Business Transaction 40% (4/10) of requests were slow in the last minute starting 9/6/17 6:06 PM local time", "mod_time": 1504721351.41484, "severity": "1", "create_time": 1504721351.41484, "description": "Starting Diagnostic Session after series of slow requests for a Business Transaction 40% (4/10) of requests were slow in the last minute starting 9/6/17 6:06 PM local time", "_key": "9ef2ea7b-f52f-4505-a452-72dffca036db", "object_type": "notable_event_group"}, {"status": "5", "_user": "nobody", "_owner": "nobody", "owner": "unassigned", "title": "Starting Diagnostic Session after series of slow requests for a Business Transaction 30% (3/10) of requests were slow in the last minute starting 9/6/17 6:31 PM local time", "mod_time": 1504722845.64972, "severity": "1", "create_time": 1504722845.64972, "description": "Starting Diagnostic Session after series of slow requests for a Business Transaction 30% (3/10) of requests were slow in the last minute starting 9/6/17 6:31 PM local time", "_key": "a0da1420-be3c-4d74-874b-4a3fe8e98e12", "object_type": "notable_event_group"}, {"status": "5", "_user": "nobody", "_owner": "nobody", "owner": "unassigned", "title": "Starting Diagnostic Session after series of errors for a Business Transaction 27% (5/18) of requests had errors in the last minute starting 9/6/17 6:07 PM local time", "description": "Starting Diagnostic Session after series of errors for a Business Transaction 27% (5/18) of requests had errors in the last minute starting 9/6/17 6:07 PM local time", "mod_time": 1504721647.3568, "create_time": 1504721647.3568, "severity": "1", "_key": "a1ff2bb0-6b62-41fe-9bc0-c8eb9d8eb727", "object_type": "notable_event_group"}, {"status": "5", "_user": "nobody", "owner": "unassigned", "severity": "1", "title": "Starting Diagnostic Session after series of errors for a Business Transaction 100% (12/12) of requests had errors in the last minute starting 9/7/17 2:24 PM local time", "description": "Starting Diagnostic Session after series of errors for a Business Transaction 100% (12/12) of requests had errors in the last minute starting 9/7/17 2:24 PM local time", "mod_time": 1504794607.14775, "object_type": "notable_event_group", "_key": "abd71f36-d6c3-4896-a9a9-7c16eb8631ca"}, {"status": "5", "_user": "nobody", "owner": "unassigned", "title": "CRITICAL - Host Unreachable (192.168.1.86) DOWN", "description": "myserver1 reported DOWN via check:check-host-alive", "severity": "1", "mod_time": 1504029251.41094, "object_type": "notable_event_group", "_key": "b3035dc9-9dc6-4b34-954d-45fbf0bc3fbd"}, {"status": "5", "_user": "nobody", "severity": "1", "owner": "%owner%", "title": "PING OK - Packet loss = 0%, RTA = 0.36 ms UP", "description": "yourhost reported 0  via check:check-host-alive", "mod_time": 1504026929.79911, "object_type": "notable_event_group", "_key": "b3d1f16a-9430-483e-bcd8-e1b40e92858e"}, {"status": "1", "_user": "nobody", "_owner": "nobody", "create_time": 1503340254.6912, "owner": "unassigned", "severity": "5", "mod_time": 1503340350.19367, "object_type": "notable_event_group", "_key": "bb7d596e-1d1e-4bc6-aa08-b5178fe48170"}, {"status": "5", "_user": "nobody", "_key": "be09d6f2-b496-4c70-bacc-60e0a984da37", "owner": "%owner%", "title": "PING OK - Packet loss = 0%, RTA = 0.32 ms UP", "severity": "1", "description": "yourhost reported 0  via check:check-host-alive", "object_type": "notable_event_group", "mod_time": 1504021712.45098}, {"status": "5", "_user": "nobody", "owner": "unassigned", "severity": "1", "title": "Starting Diagnostic Session after series of slow requests for a Business Transaction 14% (4/28) of requests were slow in the last minute starting 9/7/17 2:17 PM local time", "description": "Starting Diagnostic Session after series of slow requests for a Business Transaction 14% (4/28) of requests were slow in the last minute starting 9/7/17 2:17 PM local time", "mod_time": 1504794131.83379, "object_type": "notable_event_group", "_key": "c9452c69-a608-4901-a266-bea12740efdd"}, {"status": "5", "_user": "nobody", "_owner": "nobody", "owner": "unassigned", "title": "Starting Diagnostic Session after series of slow requests for a Business Transaction 30% (4/13) of requests were slow in the last minute starting 9/6/17 6:31 PM local time", "mod_time": 1504722847.13765, "severity": "1", "create_time": 1504722847.13765, "description": "Starting Diagnostic Session after series of slow requests for a Business Transaction 30% (4/13) of requests were slow in the last minute starting 9/6/17 6:31 PM local time", "_key": "cb5aee2e-b44b-47f3-97cc-5cfcaa9f3bb8", "object_type": "notable_event_group"}, {"status": "5", "_user": "nobody", "owner": "%owner%", "severity": "1", "title": "CRITICAL - Host Unreachable (192.168.1.98) DOWN", "description": "myserver98 reported DOWN via check:check-host-alive", "mod_time": 1504029651.70035, "object_type": "notable_event_group", "_key": "cd668847-a605-46c3-8663-af61a05de04f"}, {"status": "5", "_user": "nobody", "_owner": "nobody", "owner": "unassigned", "title": "Starting Diagnostic Session after series of slow requests for a Business Transaction 19% (5/26) of requests were slow in the last minute starting 9/6/17 6:33 PM local time", "description": "Starting Diagnostic Session after series of slow requests for a Business Transaction 19% (5/26) of requests were slow in the last minute starting 9/6/17 6:33 PM local time", "mod_time": 1504723145.61095, "create_time": 1504723145.61095, "severity": "1", "_key": "d0e5d3d5-5352-49db-a0a3-e974e4286553", "object_type": "notable_event_group"}, {"status": "5", "_user": "nobody", "_owner": "nobody", "owner": "%owner%", "title": "CRITICAL - Host Unreachable (192.168.1.88) DOWN", "description": "yourhost reported 1  via check:check-host-alive", "mod_time": 1503337170.69142, "create_time": 1503337170.69142, "severity": "1", "_key": "d671e6d7-a298-4702-b996-9aa3265207f1", "object_type": "notable_event_group"}, {"status": "5", "_user": "nobody", "severity": "1", "owner": "%owner%", "title": "(Host check timed out after 30.03 seconds) DOWN", "description": "yourhost reported 1  via check:check-host-alive", "mod_time": 1504027775.75561, "object_type": "notable_event_group", "_key": "e1c5ef36-3232-4d61-98e0-33f0cb1f3b63"}, {"status": "1", "_user": "nobody", "_owner": "nobody", "create_time": 1504029331.8097, "owner": "unassigned", "severity": "3", "mod_time": 1504029331.8097, "object_type": "notable_event_group", "_key": "e517e4ba-7ed1-4ddd-8fc7-79fc43809d53"}, {"status": "5", "_user": "nobody", "owner": "%owner%", "title": "PING OK - Packet loss = 0%, RTA = 0.28 ms UP", "description": "yourhost reported 0  via check:check-host-alive", "severity": "1", "mod_time": 1504019872.40129, "object_type": "notable_event_group", "_key": "e6f662d6-5784-4d45-9469-da678cba8f68"}, {"status": "5", "_user": "nobody", "_owner": "nobody", "owner": "unassigned", "title": "Starting Diagnostic Session after series of errors for a Business Transaction 100% (18/18) of requests had errors in the last minute starting 9/6/17 6:02 PM local time", "mod_time": 1504721347.09575, "severity": "1", "create_time": 1504721347.09575, "description": "Starting Diagnostic Session after series of errors for a Business Transaction 100% (18/18) of requests had errors in the last minute starting 9/6/17 6:02 PM local time", "_key": "e8364b16-2ee4-4c20-ba6a-2df5c34f55a6", "object_type": "notable_event_group"}, {"status": "5", "_user": "nobody", "severity": "1", "owner": "unassigned", "title": "Starting Diagnostic Session after series of slow requests for a Business Transaction 16% (4/24) of requests were slow in the last minute starting 9/7/17 2:17 PM local time", "description": "Starting Diagnostic Session after series of slow requests for a Business Transaction 16% (4/24) of requests were slow in the last minute starting 9/7/17 2:17 PM local time", "mod_time": 1504794129.75015, "object_type": "notable_event_group", "_key": "eb798bda-0267-443c-85d4-acbfa686acc4"}]