[{"latest_time": "now", "acl": {"perms": {"read": ["*"], "write": ["*"]}, "can_share_user": true, "can_write": true, "owner": "admin", "can_change_perms": true, "modifiable": true, "sharing": "app", "can_share_app": true, "can_share_global": true}, "kpiTilesSettings": {"numTiles": 50, "isFilterEnabled": false}, "view": "standard", "serviceFilterString": "", "mod_time": "", "_user": "nobody", "earliest_time": "-12h", "_owner": "nobody", "kpiWhitelist": [], "kpiFilterString": "", "tileSize": "large", "_version": "2.6.1", "isServiceFilterEnabled": false, "source_itsi_da": "itsi", "identifying_name": "", "title": "", "isDefault": true, "_key": "admin", "mod_timestamp": "2017-08-18T16:57:00.463345+00:00", "serviceWhitelist": "", "showDisabledServices": 0, "searchType": "aggregate", "isKpiFilterEnabled": false, "mod_source": "REST", "description": "", "serviceTilesSettings": {"numTiles": 50, "isFilterEnabled": false}, "object_type": "home_view"}]