[{"status": "5", "_user": "nobody", "create_time": 1504026863.25797, "event_id": "03d2fe2e-b5dc-4db9-b97d-89a331b4a394", "severity": "1", "mod_time": 1504026863.25797, "object_type": "notable_event_state", "_key": "03d2fe2e-b5dc-4db9-b97d-89a331b4a394"}, {"status": "5", "_user": "nobody", "create_time": 1504721647.19465, "event_id": "0555863a-932f-11e7-bb4e-0fd938693a6a", "severity": "1", "mod_time": 1504721647.19465, "object_type": "notable_event_state", "_key": "0555863a-932f-11e7-bb4e-0fd938693a6a"}, {"status": "5", "_user": "nobody", "create_time": 1504721645.46426, "event_id": "0559182e-932f-11e7-9205-0fd938693a6a", "severity": "1", "mod_time": 1504721645.46426, "object_type": "notable_event_state", "_key": "0559182e-932f-11e7-9205-0fd938693a6a"}, {"status": "5", "_user": "nobody", "create_time": 1504029133.9204, "owner": "unassigned", "event_id": "09f58b3b-1da5-43da-a715-6df893d6be0d", "severity": "1", "mod_time": 1504029255.88787, "object_type": "notable_event_state", "_key": "09f58b3b-1da5-43da-a715-6df893d6be0d"}, {"status": "5", "_user": "nobody", "create_time": 1503090256.63104, "event_id": "0d4a9eee-413c-4feb-aba6-9fc00c028dca", "mod_time": 1503090256.63104, "object_type": "notable_event_state", "_key": "0d4a9eee-413c-4feb-aba6-9fc00c028dca"}, {"_user": "nobody", "create_time": 1504029266.2371, "owner": "unassigned", "event_id": "0ee4e366-4ca9-423c-8abf-8009b98e8b17", "mod_time": 1504029270.76529, "object_type": "notable_event_state", "_key": "0ee4e366-4ca9-423c-8abf-8009b98e8b17"}, {"status": "5", "_user": "nobody", "create_time": 1503340259.16628, "event_id": "0f7e7302-477f-4cdd-b548-4de7217744f8", "owner": "unassigned", "severity": "1", "mod_time": 1503340739.41333, "object_type": "notable_event_state", "_key": "0f7e7302-477f-4cdd-b548-4de7217744f8"}, {"status": "5", "_user": "nobody", "create_time": 1503342149.26152, "event_id": "127ebaf0-f9bc-4138-8158-82739eedc693", "severity": "1", "mod_time": 1503342149.26152, "object_type": "notable_event_state", "_key": "127ebaf0-f9bc-4138-8158-82739eedc693"}, {"status": "5", "_user": "nobody", "create_time": 1503340738.52672, "event_id": "13cff1f0-082d-4da1-954a-c6129cf8bbf9", "severity": "1", "mod_time": 1503340738.52672, "object_type": "notable_event_state", "_key": "13cff1f0-082d-4da1-954a-c6129cf8bbf9"}, {"status": "5", "_user": "nobody", "create_time": 1504027775.71368, "event_id": "144184db-8676-4058-b393-d31c84d2610d", "severity": "1", "mod_time": 1504027775.71368, "object_type": "notable_event_state", "_key": "144184db-8676-4058-b393-d31c84d2610d"}, {"status": "5", "_user": "nobody", "create_time": 1504027775.71369, "event_id": "177565f9-0a2d-4dd9-af53-738df9798121", "severity": "1", "mod_time": 1504027775.71369, "object_type": "notable_event_state", "_key": "177565f9-0a2d-4dd9-af53-738df9798121"}, {"status": "5", "_user": "nobody", "create_time": 1504028396.08095, "event_id": "1ced3c28-6491-478f-b2b6-e3941586e11c", "mod_time": 1504028396.08095, "object_type": "notable_event_state", "_key": "1ced3c28-6491-478f-b2b6-e3941586e11c"}, {"status": "5", "_user": "nobody", "create_time": 1504026863.25797, "event_id": "1e4d917b-4db7-44be-87d7-230846eded51", "severity": "1", "mod_time": 1504026863.25797, "object_type": "notable_event_state", "_key": "1e4d917b-4db7-44be-87d7-230846eded51"}, {"status": "5", "_user": "nobody", "create_time": 1504722545.82457, "event_id": "1e88f02e-9331-11e7-aacb-2bbaa6ced28e", "severity": "1", "mod_time": 1504722545.82457, "object_type": "notable_event_state", "_key": "1e88f02e-9331-11e7-aacb-2bbaa6ced28e"}, {"status": "5", "_user": "nobody", "create_time": 1504028432.97709, "event_id": "21dd0159-40ab-4050-9d3e-76b1c11eb84f", "mod_time": 1504028432.97709, "object_type": "notable_event_state", "_key": "21dd0159-40ab-4050-9d3e-76b1c11eb84f"}, {"status": "5", "_user": "nobody", "create_time": 1503090256.63101, "event_id": "231127a0-5684-462b-b84b-6422d95719d2", "mod_time": 1503090256.63101, "object_type": "notable_event_state", "_key": "231127a0-5684-462b-b84b-6422d95719d2"}, {"status": "5", "_user": "nobody", "create_time": 1504030011.64816, "event_id": "2405a819-c183-413d-9c9a-4b70603da43a", "severity": "1", "mod_time": 1504030011.64816, "object_type": "notable_event_state", "_key": "2405a819-c183-413d-9c9a-4b70603da43a"}, {"status": "5", "_user": "nobody", "create_time": 1503090546.93374, "event_id": "24a8b3be-5594-472f-9368-a1df5602f68e", "mod_time": 1503091729.95435, "object_type": "notable_event_state", "_key": "24a8b3be-5594-472f-9368-a1df5602f68e"}, {"status": "5", "_user": "nobody", "create_time": 1504026312.6285, "event_id": "25603702-9566-47b4-b008-a149e398a190", "severity": "1", "mod_time": 1504026318.91802, "object_type": "notable_event_state", "_key": "25603702-9566-47b4-b008-a149e398a190"}, {"status": "5", "_user": "nobody", "create_time": 1503348957.34728, "event_id": "25a7f36d-39e4-4137-8841-6c410115d9b1", "severity": "1", "mod_time": 1503348957.34728, "object_type": "notable_event_state", "_key": "25a7f36d-39e4-4137-8841-6c410115d9b1"}, {"status": "5", "_user": "nobody", "create_time": 1504014813.84477, "event_id": "2f8a506c-67b9-4817-abff-d73d837552fb", "severity": "1", "mod_time": 1504014813.84477, "object_type": "notable_event_state", "_key": "2f8a506c-67b9-4817-abff-d73d837552fb"}, {"status": "5", "_user": "nobody", "create_time": 1503092160.58508, "event_id": "30b966e5-167a-40fe-9cf7-804704518be4", "mod_time": 1503092160.58508, "object_type": "notable_event_state", "_key": "30b966e5-167a-40fe-9cf7-804704518be4"}, {"status": "5", "_user": "nobody", "create_time": 1504028432.97709, "event_id": "31ee7f94-f8a4-448e-9588-e6322e6d35db", "mod_time": 1504028432.97709, "object_type": "notable_event_state", "_key": "31ee7f94-f8a4-448e-9588-e6322e6d35db"}, {"status": "5", "_user": "nobody", "create_time": 1503342149.26152, "event_id": "3c333ca0-0cb4-4835-b2fb-0e5cb67615cb", "severity": "1", "mod_time": 1503342149.26152, "object_type": "notable_event_state", "_key": "3c333ca0-0cb4-4835-b2fb-0e5cb67615cb"}, {"status": "5", "_user": "nobody", "create_time": 1505247185.31169, "event_id": "3e096c11-97f5-11e7-b070-d16f06c10c9b", "severity": "1", "mod_time": 1505247185.31169, "object_type": "notable_event_state", "_key": "3e096c11-97f5-11e7-b070-d16f06c10c9b"}, {"_user": "nobody", "create_time": 1503336595.68353, "event_id": "43e54347-29ae-45bd-a1ed-4f95ffb58812", "severity": "1", "mod_time": 1503336595.68353, "object_type": "notable_event_state", "_key": "43e54347-29ae-45bd-a1ed-4f95ffb58812"}, {"status": "5", "_user": "nobody", "create_time": 1503340259.16629, "event_id": "462d656d-a33b-4fc7-80a2-341345e1fed6", "owner": "unassigned", "severity": "1", "mod_time": 1503340739.41332, "object_type": "notable_event_state", "_key": "462d656d-a33b-4fc7-80a2-341345e1fed6"}, {"status": "5", "_user": "nobody", "create_time": 1504026312.62851, "event_id": "48abc0fb-aaff-4c98-b5d6-e79fcf0a7cbd", "severity": "1", "mod_time": 1504026318.91803, "object_type": "notable_event_state", "_key": "48abc0fb-aaff-4c98-b5d6-e79fcf0a7cbd"}, {"status": "5", "_user": "nobody", "create_time": 1504026863.25796, "event_id": "4a423f76-f3eb-4b8f-8038-512011aca770", "severity": "1", "mod_time": 1504026863.25796, "object_type": "notable_event_state", "_key": "4a423f76-f3eb-4b8f-8038-512011aca770"}, {"status": "5", "_user": "nobody", "create_time": 1503091729.54026, "event_id": "4ab2cee0-bed4-4991-b10c-71c9a1b93872", "mod_time": 1503091729.54026, "object_type": "notable_event_state", "_key": "4ab2cee0-bed4-4991-b10c-71c9a1b93872"}, {"status": "5", "_user": "nobody", "create_time": 1504026312.62851, "event_id": "4f7fcefc-e396-4427-a5ac-5899e7c20773", "severity": "1", "mod_time": 1504026318.91803, "object_type": "notable_event_state", "_key": "4f7fcefc-e396-4427-a5ac-5899e7c20773"}, {"status": "5", "_user": "nobody", "create_time": 1504019291.47874, "event_id": "506e2d74-ba9e-4b57-849d-6f20d7a6dd15", "severity": "1", "mod_time": 1504019291.47874, "object_type": "notable_event_state", "_key": "506e2d74-ba9e-4b57-849d-6f20d7a6dd15"}, {"status": "5", "_user": "nobody", "create_time": 1504030011.64815, "event_id": "53167678-7d71-4ca9-9405-d9a375fe45e5", "severity": "1", "mod_time": 1504030011.64815, "object_type": "notable_event_state", "_key": "53167678-7d71-4ca9-9405-d9a375fe45e5"}, {"status": "5", "_user": "nobody", "create_time": 1504722545.82456, "event_id": "537bed97-932e-11e7-b38d-79457b5f8b62", "severity": "1", "mod_time": 1504722545.82456, "object_type": "notable_event_state", "_key": "537bed97-932e-11e7-b38d-79457b5f8b62"}, {"status": "5", "_user": "nobody", "create_time": 1504721351.19942, "event_id": "5381741e-932e-11e7-b9fd-79457b5f8b62", "severity": "1", "mod_time": 1504721351.19942, "object_type": "notable_event_state", "_key": "5381741e-932e-11e7-b9fd-79457b5f8b62"}, {"status": "5", "_user": "nobody", "create_time": 1504721349.35343, "event_id": "53820817-932e-11e7-85d1-79457b5f8b62", "severity": "1", "mod_time": 1504721349.35343, "object_type": "notable_event_state", "_key": "53820817-932e-11e7-85d1-79457b5f8b62"}, {"status": "5", "_user": "nobody", "create_time": 1504721346.84735, "event_id": "538314a6-932e-11e7-ac87-79457b5f8b62", "severity": "1", "mod_time": 1504721346.84735, "object_type": "notable_event_state", "_key": "538314a6-932e-11e7-ac87-79457b5f8b62"}, {"status": "5", "_user": "nobody", "create_time": 1503091729.54026, "event_id": "593ad9d1-a309-4a18-8dc8-9bbb3cb6ac64", "mod_time": 1503091729.54026, "object_type": "notable_event_state", "_key": "593ad9d1-a309-4a18-8dc8-9bbb3cb6ac64"}, {"status": "5", "_user": "nobody", "create_time": 1504019291.47872, "event_id": "59aae018-c83a-41f0-af45-3564d2365de1", "severity": "1", "mod_time": 1504019291.47872, "object_type": "notable_event_state", "_key": "59aae018-c83a-41f0-af45-3564d2365de1"}, {"status": "5", "_user": "nobody", "create_time": 1503340738.5267, "event_id": "5d30d673-76f1-4969-a139-403b45086b20", "severity": "1", "mod_time": 1503340738.5267, "object_type": "notable_event_state", "_key": "5d30d673-76f1-4969-a139-403b45086b20"}, {"status": "5", "_user": "nobody", "create_time": 1503348957.34729, "event_id": "5e44a781-ba29-4865-ad14-62063b84345c", "severity": "1", "mod_time": 1503348957.34729, "object_type": "notable_event_state", "_key": "5e44a781-ba29-4865-ad14-62063b84345c"}, {"status": "5", "_user": "nobody", "create_time": 1504720506.50968, "event_id": "5e77544f-932c-11e7-8e09-6feccca7692e", "severity": "1", "mod_time": 1504720506.50968, "object_type": "notable_event_state", "_key": "5e77544f-932c-11e7-8e09-6feccca7692e"}, {"_user": "nobody", "create_time": 1503336595.68351, "event_id": "61e130ce-a11e-428e-afb0-4ecd618c8c16", "severity": "1", "mod_time": 1503336595.68351, "object_type": "notable_event_state", "_key": "61e130ce-a11e-428e-afb0-4ecd618c8c16"}, {"status": "5", "_user": "nobody", "create_time": 1503090256.63105, "event_id": "62be53b1-7eb0-40ab-84ec-4eb331485cd8", "mod_time": 1503090256.63105, "object_type": "notable_event_state", "_key": "62be53b1-7eb0-40ab-84ec-4eb331485cd8"}, {"status": "5", "_user": "nobody", "create_time": 1504029133.92039, "owner": "unassigned", "event_id": "62d12d2f-e49c-469b-a7ee-4aa8278865e9", "severity": "1", "mod_time": 1504029255.88787, "object_type": "notable_event_state", "_key": "62d12d2f-e49c-469b-a7ee-4aa8278865e9"}, {"status": "5", "_user": "nobody", "create_time": 1503090256.63107, "event_id": "63cd4070-785a-4ad4-93ca-c09740f010e9", "mod_time": 1503091729.95436, "object_type": "notable_event_state", "_key": "63cd4070-785a-4ad4-93ca-c09740f010e9"}, {"status": "5", "_user": "nobody", "create_time": 1504019883.70057, "event_id": "64554438-14d7-43ec-ab34-c838234bc222", "severity": "1", "mod_time": 1504019883.70057, "object_type": "notable_event_state", "_key": "64554438-14d7-43ec-ab34-c838234bc222"}, {"status": "5", "_user": "nobody", "create_time": 1504027775.71369, "event_id": "65490457-61a3-4162-a98c-648e6460c1c3", "severity": "1", "mod_time": 1504027775.71369, "object_type": "notable_event_state", "_key": "65490457-61a3-4162-a98c-648e6460c1c3"}, {"status": "5", "_user": "nobody", "create_time": 1504014813.84476, "event_id": "65b0831a-1940-4df1-923b-f394dcfa1e5b", "severity": "1", "mod_time": 1504014813.84476, "object_type": "notable_event_state", "_key": "65b0831a-1940-4df1-923b-f394dcfa1e5b"}, {"status": "5", "_user": "nobody", "create_time": 1503090256.63105, "event_id": "69e8012e-4e26-4ae9-b65a-cbce729fc62e", "mod_time": 1503090256.63105, "object_type": "notable_event_state", "_key": "69e8012e-4e26-4ae9-b65a-cbce729fc62e"}, {"status": "5", "_user": "nobody", "create_time": 1504019291.47873, "event_id": "6fbe147c-243a-4d9d-8218-62926687a0c5", "severity": "1", "mod_time": 1504019291.47873, "object_type": "notable_event_state", "_key": "6fbe147c-243a-4d9d-8218-62926687a0c5"}, {"status": "5", "_user": "nobody", "create_time": 1503091729.54024, "event_id": "77667f55-55fd-4ea5-99fb-9c610ed0da79", "mod_time": 1503091729.54024, "object_type": "notable_event_state", "_key": "77667f55-55fd-4ea5-99fb-9c610ed0da79"}, {"status": "5", "_user": "nobody", "create_time": 1503090256.63108, "event_id": "777a6b87-7e50-4bd8-868f-69883f2d12e0", "mod_time": 1503090256.63108, "object_type": "notable_event_state", "_key": "777a6b87-7e50-4bd8-868f-69883f2d12e0"}, {"status": "5", "_user": "nobody", "create_time": 1504723147.68336, "event_id": "83e4b48c-9332-11e7-8bec-ed97c11fbb5c", "severity": "1", "mod_time": 1504723147.68336, "object_type": "notable_event_state", "_key": "83e4b48c-9332-11e7-8bec-ed97c11fbb5c"}, {"status": "5", "_user": "nobody", "create_time": 1504723145.42895, "event_id": "83e95b61-9332-11e7-aafc-ed97c11fbb5c", "severity": "1", "mod_time": 1504723145.42895, "object_type": "notable_event_state", "_key": "83e95b61-9332-11e7-aafc-ed97c11fbb5c"}, {"status": "5", "_user": "nobody", "create_time": 1504019291.47873, "event_id": "856ac7a3-639b-4027-81fb-f0ac5ad34de7", "severity": "1", "mod_time": 1504019291.47873, "object_type": "notable_event_state", "_key": "856ac7a3-639b-4027-81fb-f0ac5ad34de7"}, {"status": "5", "_user": "nobody", "create_time": 1503342225.80771, "event_id": "85f27709-d87e-4644-ac16-21894e0928b7", "severity": "1", "mod_time": 1503342225.80771, "object_type": "notable_event_state", "_key": "85f27709-d87e-4644-ac16-21894e0928b7"}, {"status": "5", "_user": "nobody", "create_time": 1503090256.63104, "event_id": "87dc491a-f7db-47e3-a713-42fee4c63b8d", "mod_time": 1503090256.63104, "object_type": "notable_event_state", "_key": "87dc491a-f7db-47e3-a713-42fee4c63b8d"}, {"status": "5", "_user": "nobody", "create_time": 1504014813.84477, "event_id": "88266570-51fb-4e7f-85b2-f6636aea054c", "severity": "1", "mod_time": 1504014813.84477, "object_type": "notable_event_state", "_key": "88266570-51fb-4e7f-85b2-f6636aea054c"}, {"status": "5", "_user": "nobody", "create_time": 1504027775.71369, "event_id": "88f39e39-f99a-43ee-95f2-81371a7d8702", "severity": "1", "mod_time": 1504027775.71369, "object_type": "notable_event_state", "_key": "88f39e39-f99a-43ee-95f2-81371a7d8702"}, {"status": "5", "_user": "nobody", "create_time": 1503340356.45916, "event_id": "8a17c621-6ffe-4515-8def-addaa1cbd97a", "owner": "unassigned", "severity": "1", "mod_time": 1503340739.41334, "object_type": "notable_event_state", "_key": "8a17c621-6ffe-4515-8def-addaa1cbd97a"}, {"_user": "nobody", "create_time": 1503092015.58299, "event_id": "8c6f6a5e-5a74-41a4-8fbd-765c47cd84c0", "severity": "2", "mod_time": 1503092015.58299, "object_type": "notable_event_state", "_key": "8c6f6a5e-5a74-41a4-8fbd-765c47cd84c0"}, {"status": "5", "_user": "nobody", "create_time": 1505246288.3876, "event_id": "8d6469de-97f4-11e7-a5bc-a934f1c2177b", "severity": "1", "mod_time": 1505246288.3876, "object_type": "notable_event_state", "_key": "8d6469de-97f4-11e7-a5bc-a934f1c2177b"}, {"status": "5", "_user": "nobody", "create_time": 1505247185.31169, "event_id": "8dace285-97f4-11e7-ab10-75cb6dbe3c93", "severity": "1", "mod_time": 1505247185.31169, "object_type": "notable_event_state", "_key": "8dace285-97f4-11e7-ab10-75cb6dbe3c93"}, {"_user": "nobody", "create_time": 1504029328.13676, "owner": "unassigned", "event_id": "8e0116f1-8b71-4d1e-bb00-0db9cdf87cda", "severity": "5", "mod_time": 1504029365.06829, "object_type": "notable_event_state", "_key": "8e0116f1-8b71-4d1e-bb00-0db9cdf87cda"}, {"status": "5", "_user": "nobody", "create_time": 1503337167.91196, "event_id": "8ef0ea54-4ab7-48fe-b15f-92169cf82128", "severity": "1", "mod_time": 1503337167.91196, "object_type": "notable_event_state", "_key": "8ef0ea54-4ab7-48fe-b15f-92169cf82128"}, {"status": "5", "_user": "nobody", "create_time": 1504720159.23636, "event_id": "8f860a23-932b-11e7-93d5-b9e5b71dfdbd", "severity": "1", "mod_time": 1504720159.23636, "object_type": "notable_event_state", "_key": "8f860a23-932b-11e7-93d5-b9e5b71dfdbd"}, {"status": "5", "_user": "nobody", "create_time": 1503348957.34727, "event_id": "9003e7b4-1cdb-4972-aba0-ff2b9ad83c4e", "severity": "1", "mod_time": 1503348957.34727, "object_type": "notable_event_state", "_key": "9003e7b4-1cdb-4972-aba0-ff2b9ad83c4e"}, {"status": "5", "_user": "nobody", "create_time": 1504027775.71369, "event_id": "928497da-d492-4519-b00a-21247cdebbc5", "severity": "1", "mod_time": 1504027775.71369, "object_type": "notable_event_state", "_key": "928497da-d492-4519-b00a-21247cdebbc5"}, {"status": "5", "_user": "nobody", "create_time": 1504013417.27059, "event_id": "9336d485-74a7-42a3-a802-8df1a8c19d10", "severity": "1", "mod_time": 1504013417.27059, "object_type": "notable_event_state", "_key": "9336d485-74a7-42a3-a802-8df1a8c19d10"}, {"status": "5", "_user": "nobody", "create_time": 1504029651.832, "event_id": "97cca524-6307-4652-9bbf-aa12e9a17324", "severity": "1", "mod_time": 1504029651.832, "object_type": "notable_event_state", "_key": "97cca524-6307-4652-9bbf-aa12e9a17324"}, {"status": "5", "_user": "nobody", "create_time": 1503348957.34729, "event_id": "9a057b7e-c9cb-431c-8ada-a3eda0d6c33a", "severity": "1", "mod_time": 1503348957.34729, "object_type": "notable_event_state", "_key": "9a057b7e-c9cb-431c-8ada-a3eda0d6c33a"}, {"status": "5", "_user": "nobody", "create_time": 1503342149.2615, "event_id": "a0afb026-1392-433e-89e7-f2fe392068ec", "severity": "1", "mod_time": 1503342149.2615, "object_type": "notable_event_state", "_key": "a0afb026-1392-433e-89e7-f2fe392068ec"}, {"status": "5", "_user": "nobody", "create_time": 1504029133.9204, "owner": "unassigned", "event_id": "a1984cbd-4842-4cfe-aa6c-52a1fe097c2d", "severity": "1", "mod_time": 1504029255.88787, "object_type": "notable_event_state", "_key": "a1984cbd-4842-4cfe-aa6c-52a1fe097c2d"}, {"status": "5", "_user": "nobody", "create_time": 1505247186.30586, "event_id": "a3d07d26-97f6-11e7-8966-010d9e8b2c95", "severity": "1", "mod_time": 1505247186.30586, "object_type": "notable_event_state", "_key": "a3d07d26-97f6-11e7-8966-010d9e8b2c95"}, {"status": "5", "_user": "nobody", "create_time": 1505247185.31169, "event_id": "a3d57061-97f6-11e7-9167-010d9e8b2c95", "severity": "1", "mod_time": 1505247185.31169, "object_type": "notable_event_state", "_key": "a3d57061-97f6-11e7-9167-010d9e8b2c95"}, {"status": "5", "_user": "nobody", "create_time": 1505247185.31169, "event_id": "a3d61bd4-97f6-11e7-be24-4380532d3c21", "severity": "1", "mod_time": 1505247185.31169, "object_type": "notable_event_state", "_key": "a3d61bd4-97f6-11e7-be24-4380532d3c21"}, {"status": "5", "_user": "nobody", "create_time": 1503337167.91197, "event_id": "a568aa63-6cfd-4c8c-bf74-cd5715d96ed5", "severity": "1", "mod_time": 1503337167.91197, "object_type": "notable_event_state", "_key": "a568aa63-6cfd-4c8c-bf74-cd5715d96ed5"}, {"status": "5", "_user": "nobody", "create_time": 1504026863.25797, "event_id": "a79a3442-b1ec-403d-b415-e2ca0b59250c", "severity": "1", "mod_time": 1504026863.25797, "object_type": "notable_event_state", "_key": "a79a3442-b1ec-403d-b415-e2ca0b59250c"}, {"status": "5", "_user": "nobody", "create_time": 1503340259.16629, "event_id": "aa04def9-2476-4f29-8b86-96c771480c74", "owner": "unassigned", "severity": "1", "mod_time": 1503340739.41333, "object_type": "notable_event_state", "_key": "aa04def9-2476-4f29-8b86-96c771480c74"}, {"status": "5", "_user": "nobody", "create_time": 1503090256.63103, "event_id": "ab665c6a-a237-46ad-985c-d9c4635e51de", "mod_time": 1503091729.95435, "object_type": "notable_event_state", "_key": "ab665c6a-a237-46ad-985c-d9c4635e51de"}, {"status": "5", "_user": "nobody", "create_time": 1504720506.50969, "event_id": "ad9b3638-932b-11e7-858a-910a9cdeed78", "severity": "1", "mod_time": 1504720506.50969, "object_type": "notable_event_state", "_key": "ad9b3638-932b-11e7-858a-910a9cdeed78"}, {"status": "5", "_user": "nobody", "create_time": 1504019291.47871, "event_id": "af1c0bc9-2050-4665-b2d0-816cfb6e3556", "severity": "1", "mod_time": 1504019291.47871, "object_type": "notable_event_state", "_key": "af1c0bc9-2050-4665-b2d0-816cfb6e3556"}, {"status": "5", "_user": "nobody", "create_time": 1503090256.63107, "event_id": "b316547a-1659-4d84-85ed-ec04b857c76e", "mod_time": 1503090256.63107, "object_type": "notable_event_state", "_key": "b316547a-1659-4d84-85ed-ec04b857c76e"}, {"status": "5", "_user": "nobody", "create_time": 1504014813.84477, "event_id": "b38fd71a-e2ab-4bf8-a14e-ffb0633839dd", "severity": "1", "mod_time": 1504014813.84477, "object_type": "notable_event_state", "_key": "b38fd71a-e2ab-4bf8-a14e-ffb0633839dd"}, {"status": "5", "_user": "nobody", "create_time": 1503348957.34729, "event_id": "b442121c-8f41-4b54-b5be-872273b8de35", "severity": "1", "mod_time": 1503348957.34729, "object_type": "notable_event_state", "_key": "b442121c-8f41-4b54-b5be-872273b8de35"}, {"status": "5", "_user": "nobody", "create_time": 1503090256.63105, "event_id": "b95836a9-166c-4525-9519-53d68b74eccc", "mod_time": 1503090256.63105, "object_type": "notable_event_state", "_key": "b95836a9-166c-4525-9519-53d68b74eccc"}, {"status": "5", "_user": "nobody", "create_time": 1503090256.63106, "event_id": "ba7bfd57-5332-491a-b4c3-1cc11e65fbd2", "mod_time": 1503090256.63106, "object_type": "notable_event_state", "_key": "ba7bfd57-5332-491a-b4c3-1cc11e65fbd2"}, {"_user": "nobody", "create_time": 1503336595.68352, "event_id": "bad91c39-b975-4511-aa69-38220e1726f8", "severity": "1", "mod_time": 1503336595.68352, "object_type": "notable_event_state", "_key": "bad91c39-b975-4511-aa69-38220e1726f8"}, {"status": "5", "_user": "nobody", "create_time": 1504026312.62851, "event_id": "bb8ec13b-127e-48d3-95f7-2819c40eb200", "severity": "1", "mod_time": 1504026318.91803, "object_type": "notable_event_state", "_key": "bb8ec13b-127e-48d3-95f7-2819c40eb200"}, {"status": "5", "_user": "nobody", "create_time": 1503091729.54027, "event_id": "bd9128d0-4324-44a9-8dc2-80fd6b75c931", "mod_time": 1503091729.54027, "object_type": "notable_event_state", "_key": "bd9128d0-4324-44a9-8dc2-80fd6b75c931"}, {"_user": "nobody", "create_time": 1503336595.68354, "event_id": "bdd03790-ae04-4cf4-94b9-2fcbc753d033", "severity": "1", "mod_time": 1503336595.68354, "object_type": "notable_event_state", "_key": "bdd03790-ae04-4cf4-94b9-2fcbc753d033"}, {"status": "5", "_user": "nobody", "create_time": 1503092097.77454, "event_id": "c18f975f-248e-4dd7-9a42-371fc84c6d17", "mod_time": 1503092097.77454, "object_type": "notable_event_state", "_key": "c18f975f-248e-4dd7-9a42-371fc84c6d17"}, {"status": "5", "_user": "nobody", "create_time": 1504021700.51726, "event_id": "c1dfc19d-d2f8-4515-ac8e-7ee43f56c756", "severity": "1", "mod_time": 1504021700.51726, "object_type": "notable_event_state", "_key": "c1dfc19d-d2f8-4515-ac8e-7ee43f56c756"}, {"status": "5", "_user": "nobody", "create_time": 1504721107.60662, "event_id": "c52dc230-932d-11e7-b35a-7f3c1da26ea8", "severity": "1", "mod_time": 1504721107.60662, "object_type": "notable_event_state", "_key": "c52dc230-932d-11e7-b35a-7f3c1da26ea8"}, {"status": "5", "_user": "nobody", "create_time": 1504026930.70093, "event_id": "c7b50d68-86a9-4103-9d8f-c5ecb92b5db9", "severity": "1", "mod_time": 1504026930.70093, "object_type": "notable_event_state", "_key": "c7b50d68-86a9-4103-9d8f-c5ecb92b5db9"}, {"status": "5", "_user": "nobody", "create_time": 1503090256.63106, "event_id": "c88bedfe-c94e-4393-abba-10a59df2e6a3", "mod_time": 1503091729.95434, "object_type": "notable_event_state", "_key": "c88bedfe-c94e-4393-abba-10a59df2e6a3"}, {"status": "5", "_user": "nobody", "create_time": 1504794131.77322, "event_id": "c8bcaf3a-93d7-11e7-9f17-cba95a9a7ec3", "severity": "1", "mod_time": 1504794131.77322, "object_type": "notable_event_state", "_key": "c8bcaf3a-93d7-11e7-9f17-cba95a9a7ec3"}, {"status": "5", "_user": "nobody", "create_time": 1504794129.72226, "event_id": "c8c2797d-93d7-11e7-ac97-cba95a9a7ec3", "severity": "1", "mod_time": 1504794129.72226, "object_type": "notable_event_state", "_key": "c8c2797d-93d7-11e7-ac97-cba95a9a7ec3"}, {"status": "5", "_user": "nobody", "create_time": 1504794128.86025, "event_id": "c8c79061-93d7-11e7-81cb-cba95a9a7ec3", "severity": "1", "mod_time": 1504794128.86025, "object_type": "notable_event_state", "_key": "c8c79061-93d7-11e7-81cb-cba95a9a7ec3"}, {"status": "5", "_user": "nobody", "create_time": 1504794127.99585, "event_id": "c8cc9bfa-93d7-11e7-99a2-cba95a9a7ec3", "severity": "1", "mod_time": 1504794127.99585, "object_type": "notable_event_state", "_key": "c8cc9bfa-93d7-11e7-99a2-cba95a9a7ec3"}, {"status": "5", "_user": "nobody", "create_time": 1503337167.91198, "event_id": "cff49326-1fad-460e-8dbf-a84a5f47c35d", "severity": "1", "mod_time": 1503337167.91198, "object_type": "notable_event_state", "_key": "cff49326-1fad-460e-8dbf-a84a5f47c35d"}, {"status": "5", "_user": "nobody", "create_time": 1504722846.97225, "event_id": "d10b6a5e-9331-11e7-9fe1-719a248077e7", "severity": "1", "mod_time": 1504722846.97225, "object_type": "notable_event_state", "_key": "d10b6a5e-9331-11e7-9fe1-719a248077e7"}, {"status": "5", "_user": "nobody", "create_time": 1504722845.4638, "event_id": "d11174e6-9331-11e7-a782-719a248077e7", "severity": "1", "mod_time": 1504722845.4638, "object_type": "notable_event_state", "_key": "d11174e6-9331-11e7-a782-719a248077e7"}, {"status": "5", "_user": "nobody", "create_time": 1504028432.97708, "event_id": "d53c01a5-c776-4fde-b355-00e948688838", "mod_time": 1504028432.97708, "object_type": "notable_event_state", "_key": "d53c01a5-c776-4fde-b355-00e948688838"}, {"status": "5", "_user": "nobody", "create_time": 1504026863.25797, "event_id": "ddd44452-98d8-414c-a601-576776aa5d46", "severity": "1", "mod_time": 1504026863.25797, "object_type": "notable_event_state", "_key": "ddd44452-98d8-414c-a601-576776aa5d46"}, {"status": "5", "_user": "nobody", "create_time": 1504014813.84477, "event_id": "de4ccd19-9957-4f27-ba0f-8783c50ce632", "severity": "1", "mod_time": 1504014813.84477, "object_type": "notable_event_state", "_key": "de4ccd19-9957-4f27-ba0f-8783c50ce632"}, {"status": "5", "_user": "nobody", "create_time": 1504027775.71368, "event_id": "e45fa363-bf7c-4410-8e9a-76a2d24af079", "severity": "1", "mod_time": 1504027775.71368, "object_type": "notable_event_state", "_key": "e45fa363-bf7c-4410-8e9a-76a2d24af079"}, {"_user": "nobody", "create_time": 1503336595.68352, "event_id": "e4d25851-d72d-4eee-9c15-c8bf97635860", "severity": "1", "mod_time": 1503336595.68352, "object_type": "notable_event_state", "_key": "e4d25851-d72d-4eee-9c15-c8bf97635860"}, {"status": "5", "_user": "nobody", "create_time": 1504794607.83586, "event_id": "e54e7a4c-93d8-11e7-b5c7-af5bf04b7402", "severity": "1", "mod_time": 1504794607.83586, "object_type": "notable_event_state", "_key": "e54e7a4c-93d8-11e7-b5c7-af5bf04b7402"}, {"status": "5", "_user": "nobody", "create_time": 1504794607.12192, "event_id": "e54ee75c-93d8-11e7-abe4-af5bf04b7402", "severity": "1", "mod_time": 1504794607.12192, "object_type": "notable_event_state", "_key": "e54ee75c-93d8-11e7-abe4-af5bf04b7402"}, {"status": "5", "_user": "nobody", "create_time": 1503090256.63103, "event_id": "eaa0db53-2128-4099-b5a3-89b5f51c0213", "mod_time": 1503090256.63103, "object_type": "notable_event_state", "_key": "eaa0db53-2128-4099-b5a3-89b5f51c0213"}, {"status": "5", "_user": "nobody", "create_time": 1504720750.5581, "event_id": "ec8a7a4c-932c-11e7-b25e-e570a926c662", "severity": "1", "mod_time": 1504720750.5581, "object_type": "notable_event_state", "_key": "ec8a7a4c-932c-11e7-b25e-e570a926c662"}, {"status": "5", "_user": "nobody", "create_time": 1504720746.98856, "event_id": "ec8fb002-932c-11e7-aa43-e570a926c662", "severity": "1", "mod_time": 1504720746.98856, "object_type": "notable_event_state", "_key": "ec8fb002-932c-11e7-aa43-e570a926c662"}, {"status": "5", "_user": "nobody", "create_time": 1504019291.47873, "event_id": "efb496ea-f99a-4a46-a460-f3d7b2f01246", "severity": "1", "mod_time": 1504019291.47873, "object_type": "notable_event_state", "_key": "efb496ea-f99a-4a46-a460-f3d7b2f01246"}, {"status": "5", "_user": "nobody", "create_time": 1505247185.31168, "event_id": "f1283087-97f5-11e7-8030-ff66369e4227", "severity": "1", "mod_time": 1505247185.31168, "object_type": "notable_event_state", "_key": "f1283087-97f5-11e7-8030-ff66369e4227"}, {"status": "5", "_user": "nobody", "create_time": 1503090256.63102, "event_id": "f12ee3c0-24a4-4f22-8dee-b6ecebe5750f", "mod_time": 1503091729.95436, "object_type": "notable_event_state", "_key": "f12ee3c0-24a4-4f22-8dee-b6ecebe5750f"}, {"_user": "nobody", "create_time": 1503336595.68353, "event_id": "f2bae4b1-50f7-493e-a141-fca6690382aa", "severity": "1", "mod_time": 1503336595.68353, "object_type": "notable_event_state", "_key": "f2bae4b1-50f7-493e-a141-fca6690382aa"}, {"_user": "nobody", "create_time": 1503092108.71112, "event_id": "fd31d786-c854-473b-96d7-1c0592ea2249", "severity": "5", "mod_time": 1503092108.71112, "object_type": "notable_event_state", "_key": "fd31d786-c854-473b-96d7-1c0592ea2249"}, {"_user": "nobody", "create_time": 1504029337.07048, "owner": "unassigned", "event_id": "fe80f08c-7a5e-4edb-9325-535412aca533", "mod_time": 1504029337.07048, "object_type": "notable_event_state", "_key": "fe80f08c-7a5e-4edb-9325-535412aca533"}, {"status": "5", "_user": "nobody", "create_time": 1504029651.83201, "event_id": "ff806a02-9474-4d58-8743-18588e3d6eaf", "severity": "1", "mod_time": 1504029651.83201, "object_type": "notable_event_state", "_key": "ff806a02-9474-4d58-8743-18588e3d6eaf"}, {"status": "5", "_user": "nobody", "create_time": 1504014831.0966, "event_id": "ffb2fd3c-62b7-4337-80cd-900f495c1bbb", "severity": "1", "mod_time": 1504014831.0966, "object_type": "notable_event_state", "_key": "ffb2fd3c-62b7-4337-80cd-900f495c1bbb"}]