[{"metric_qualifier": "", "is_entity_breakdown": true, "_immutable": 1, "_owner": "nobody", "entity_alias_filtering_fields": "application_server", "source_itsi_da": "DA-ITSI-APPSERVER", "alert_period": "5", "_user": "nobody", "entity_id_fields": "application_server", "metrics": [{"entity_statop": "avg", "aggregate_statop": "avg", "threshold_field": "available_threads_count_percent", "unit": "%", "title": "available_threads_count_percent", "_key": "available_threads_count_percent"}, {"entity_statop": "avg", "aggregate_statop": "avg", "threshold_field": "cpu_utilization_percent", "unit": "%", "title": "cpu_utilization_percent", "_key": "cpu_utilization_percent"}, {"entity_statop": "avg", "aggregate_statop": "avg", "threshold_field": "garbage_collection_count", "unit": "", "title": "garbage_collection_count", "_key": "garbage_collection_count"}, {"entity_statop": "avg", "aggregate_statop": "avg", "threshold_field": "garbage_collection_time", "unit": "ms", "title": "garbage_collection_time", "_key": "garbage_collection_time"}, {"entity_statop": "avg", "aggregate_statop": "avg", "threshold_field": "memory_heap_free_percent", "unit": "%", "title": "memory_heap_free_percent", "_key": "memory_heap_free_percent"}, {"entity_statop": "avg", "aggregate_statop": "avg", "threshold_field": "memory_heap_size", "unit": "MB", "title": "memory_heap_size", "_key": "memory_heap_size"}, {"entity_statop": "avg", "aggregate_statop": "avg", "threshold_field": "memory_heap_used", "unit": "MB", "title": "memory_heap_used", "_key": "memory_heap_used"}, {"entity_statop": "avg", "aggregate_statop": "avg", "threshold_field": "memory_used", "unit": "MB", "title": "memory_used", "_key": "memory_used"}, {"entity_statop": "avg", "aggregate_statop": "avg", "threshold_field": "memory_pool_size", "unit": "MB", "title": "memory_pool_size", "_key": "memory_pool_size"}, {"entity_statop": "avg", "aggregate_statop": "avg", "threshold_field": "perm_gen_usage", "unit": "MB", "title": "perm_gen_usage", "_key": "perm_gen_usage"}], "_key": "DA-ITSI-APPSERVER_Performance_Runtime", "_version": "2.6.1", "alert_lag": "30", "identifying_name": "da-itsi-appserver:performance.runtime", "title": "DA-ITSI-APPSERVER:Performance.Runtime", "is_service_entity_filter": true, "base_search": "(tag=appserver tag=performance tag=runtime)", "search_alert_earliest": "5", "mod_source": "REST", "description": "KPI base search used by KPIs that track runtime performance", "mod_timestamp": "2017-09-12T19:56:57.000434+00:00", "object_type": "kpi_base_search"}, {"metric_qualifier": "", "is_entity_breakdown": true, "_immutable": 1, "_owner": "nobody", "entity_alias_filtering_fields": "application_server", "source_itsi_da": "DA-ITSI-APPSERVER", "alert_period": "5", "_user": "nobody", "entity_id_fields": "application_server", "metrics": [{"entity_statop": "sum", "aggregate_statop": "sum", "threshold_field": "active_threads_count", "unit": "", "title": "active_threads_count", "_key": "active_threads_count"}, {"entity_statop": "sum", "aggregate_statop": "sum", "threshold_field": "hung_threads_count", "unit": "", "title": "hung_threads_count", "_key": "hung_threads_count"}], "_key": "DA-ITSI-APPSERVER_Performance_Runtime_Thread_Count", "_version": "2.6.1", "alert_lag": "30", "identifying_name": "da-itsi-appserver:performance.runtime.thread_count", "title": "DA-ITSI-APPSERVER:Performance.Runtime.Thread_Count", "is_service_entity_filter": true, "base_search": "tag=appserver tag=performance tag=runtime | search active_threads_count=* |fields+ application_server,active_threads_count,hung_threads_count | append [search tag=appserver tag=performance tag=runtime thread_id = * thread_state = * | eval activeThreadIDs = if(thread_state=\"active\", thread_id, null()), hungThreadIDs = if(thread_state=\"hung\", thread_id, null()) | stats count(activeThreadIDs) as active_threads_count, count(hungThreadIDs) as hung_threads_count by application_server, _time |fields+ application_server,active_threads_count,hung_threads_count]", "search_alert_earliest": "5", "mod_source": "REST", "description": "KPI base search used by KPIs that track runtime threads performance", "mod_timestamp": "2017-09-12T19:56:57.289435+00:00", "object_type": "kpi_base_search"}, {"metric_qualifier": "", "is_entity_breakdown": true, "_immutable": 1, "_owner": "nobody", "entity_alias_filtering_fields": "application_server", "source_itsi_da": "DA-ITSI-APPSERVER", "alert_period": "5", "_user": "nobody", "entity_id_fields": "application_server", "metrics": [{"entity_statop": "avg", "aggregate_statop": "avg", "threshold_field": "active_sessions_count", "unit": "", "title": "active_sessions_count", "_key": "active_sessions_count"}], "_key": "DA-ITSI-APPSERVER_Performance_Session", "_version": "2.6.1", "alert_lag": "30", "identifying_name": "da-itsi-appserver:performance.session", "title": "DA-ITSI-APPSERVER:Performance.Session", "is_service_entity_filter": true, "base_search": "(tag=appserver tag=performance tag=session)", "search_alert_earliest": "5", "mod_source": "REST", "description": "KPI base search used by KPIs that track performance on sessions", "mod_timestamp": "2017-09-12T19:56:57.508921+00:00", "object_type": "kpi_base_search"}, {"metric_qualifier": "", "is_entity_breakdown": true, "_immutable": 1, "_owner": "nobody", "entity_alias_filtering_fields": "application_server", "source_itsi_da": "DA-ITSI-APPSERVER", "alert_period": "5", "_user": "nobody", "entity_id_fields": "application_server", "metrics": [{"entity_statop": "avg", "aggregate_statop": "sum", "threshold_field": "request_count", "unit": "", "title": "request_count", "_key": "request_count"}], "_key": "DA-ITSI-APPSERVER_Performance_Throughput", "_version": "2.6.1", "alert_lag": "30", "identifying_name": "da-itsi-appserver:performance.throughput", "title": "DA-ITSI-APPSERVER:Performance.Throughput", "is_service_entity_filter": true, "base_search": "(tag=appserver tag=performance tag=throughput)", "search_alert_earliest": "5", "mod_source": "REST", "description": "KPI base search used by KPIs that track throughput information", "mod_timestamp": "2017-09-12T19:56:57.794423+00:00", "object_type": "kpi_base_search"}, {"metric_qualifier": "", "is_entity_breakdown": true, "_immutable": 1, "_owner": "nobody", "entity_alias_filtering_fields": "application_server", "source_itsi_da": "DA-ITSI-APPSERVER", "alert_period": "5", "_user": "nobody", "entity_id_fields": "application_server", "metrics": [{"entity_statop": "count", "aggregate_statop": "avg", "threshold_field": "4xx_error", "unit": "", "title": "4xx_error", "_key": "4xx_error"}, {"entity_statop": "count", "aggregate_statop": "avg", "threshold_field": "5xx_error", "unit": "", "title": "5xx_error", "_key": "5xx_error"}, {"entity_statop": "avg", "aggregate_statop": "avg", "threshold_field": "response_time", "unit": "msec", "title": "response_time", "_key": "response_time"}], "_key": "DA-ITSI-APPSERVER_Performance_Web_Transaction", "_version": "2.6.1", "alert_lag": "30", "identifying_name": "da-itsi-appserver:performance.web_transaction", "title": "DA-ITSI-APPSERVER:Performance.Web_Transaction", "is_service_entity_filter": true, "base_search": "(tag=appserver tag=performance tag=transactions) | eval 4xx_error=if(status>=400 AND status<500, status, null()), 5xx_error=if(status>=500 AND status<600, status, null())", "search_alert_earliest": "5", "mod_source": "REST", "description": "KPI base search used by KPIs that track web transaction performance", "mod_timestamp": "2017-09-12T19:56:58.092125+00:00", "object_type": "kpi_base_search"}, {"metric_qualifier": "", "is_entity_breakdown": true, "_immutable": 1, "_owner": "nobody", "entity_alias_filtering_fields": "database_instance", "source_itsi_da": "DA-ITSI-DATABASE", "alert_period": "5", "_user": "nobody", "entity_id_fields": "database_instance", "metrics": [{"entity_statop": "avg", "aggregate_statop": "avg", "threshold_field": "connection_pool_used_percent", "unit": "%", "title": "connection_pool_used_percent", "_key": "connection_pool_used_percent"}, {"entity_statop": "avg", "aggregate_statop": "avg", "threshold_field": "connections", "unit": "conn", "title": "connections", "_key": "connections"}, {"entity_statop": "avg", "aggregate_statop": "avg", "threshold_field": "transaction_rate", "unit": "ct/s", "title": "transaction_rate", "_key": "transaction_rate"}, {"entity_statop": "avg", "aggregate_statop": "avg", "threshold_field": "deadlock_rate", "unit": "ct/s", "title": "deadlock_rate", "_key": "deadlock_rate"}, {"entity_statop": "avg", "aggregate_statop": "avg", "threshold_field": "instance_read_iops", "unit": "ct/s", "title": "instance_read_iops", "_key": "instance_read_iops"}, {"entity_statop": "avg", "aggregate_statop": "avg", "threshold_field": "instance_write_iops", "unit": "ct/s", "title": "instance_write_iops", "_key": "instance_write_iops"}], "_key": "DA-ITSI-DATABASE_Performance", "_version": "2.6.1", "alert_lag": "30", "identifying_name": "da-itsi-database:performance", "title": "DA-ITSI-DATABASE:Performance", "is_service_entity_filter": true, "base_search": "(tag=database tag=performance)", "search_alert_earliest": "5", "mod_source": "REST", "description": "KPI base search used by KPIs that track database performance", "mod_timestamp": "2017-09-12T19:56:58.536130+00:00", "object_type": "kpi_base_search"}, {"metric_qualifier": "", "is_entity_breakdown": true, "_immutable": 1, "_owner": "nobody", "entity_alias_filtering_fields": "database_instance", "source_itsi_da": "DA-ITSI-DATABASE", "alert_period": "5", "_user": "nobody", "entity_id_fields": "database_instance", "metrics": [{"entity_statop": "avg", "aggregate_statop": "avg", "threshold_field": "response_time", "unit": "secs", "title": "response_time", "_key": "response_time"}], "_key": "DA-ITSI-DATABASE_Performance_Query", "_version": "2.6.1", "alert_lag": "30", "identifying_name": "da-itsi-database:performance.query", "title": "DA-ITSI-DATABASE:Performance.Query", "is_service_entity_filter": true, "base_search": "(tag=database tag=performance tag=query)", "search_alert_earliest": "5", "mod_source": "REST", "description": "KPI base search used by KPIs that track database query performance", "mod_timestamp": "2017-09-12T19:56:58.849130+00:00", "object_type": "kpi_base_search"}, {"metric_qualifier": "", "is_entity_breakdown": true, "_immutable": 1, "_owner": "nobody", "entity_alias_filtering_fields": "application_id", "source_itsi_da": "DA-ITSI-EUEM", "alert_period": "5", "_user": "nobody", "entity_id_fields": "application_id", "metrics": [{"entity_statop": "avg", "aggregate_statop": "sum", "threshold_field": "crash_count", "unit": "ct", "title": "crash_count", "_key": "crash_count"}, {"entity_statop": "avg", "aggregate_statop": "avg", "threshold_field": "crash_rate", "unit": "%", "title": "crash_rate", "_key": "crash_rate"}, {"entity_statop": "avg", "aggregate_statop": "sum", "threshold_field": "http_error_count", "unit": "ct", "title": "http_error_count", "_key": "http_error_count"}, {"entity_statop": "avg", "aggregate_statop": "avg", "threshold_field": "http_error_rate", "unit": "%", "title": "http_error_rate", "_key": "http_error_rate"}, {"entity_statop": "avg", "aggregate_statop": "sum", "threshold_field": "network_error_count", "unit": "ct", "title": "network_error_count", "_key": "network_error_count"}, {"entity_statop": "avg", "aggregate_statop": "avg", "threshold_field": "network_error_rate", "unit": "%", "title": "network_error_rate", "_key": "network_error_rate"}, {"entity_statop": "avg", "aggregate_statop": "avg", "threshold_field": "domain_lookup_time", "unit": "msec", "title": "domain_lookup_time", "_key": "domain_lookup_time"}, {"entity_statop": "avg", "aggregate_statop": "avg", "threshold_field": "latency", "unit": "msec", "title": "latency", "_key": "latency"}, {"entity_statop": "avg", "aggregate_statop": "avg", "threshold_field": "dom_processing_time", "unit": "msec", "title": "dom_processing_time", "_key": "dom_processing_time"}, {"entity_statop": "avg", "aggregate_statop": "avg", "threshold_field": "load_time", "unit": "msec", "title": "load_time", "_key": "load_time"}, {"entity_statop": "avg", "aggregate_statop": "avg", "threshold_field": "response_length", "unit": "bytes", "title": "response_length", "_key": "response_length"}, {"entity_statop": "avg", "aggregate_statop": "avg", "threshold_field": "server_time", "unit": "msec", "title": "server_time", "_key": "server_time"}, {"entity_statop": "dc", "aggregate_statop": "sum", "threshold_field": "session_id", "unit": "ct", "title": "session_id", "_key": "session_id"}, {"entity_statop": "dc", "aggregate_statop": "sum", "threshold_field": "uuid", "unit": "ct", "title": "uuid", "_key": "uuid"}], "_key": "DA-ITSI-EUEM_Performance_General", "_version": "2.6.1", "alert_lag": "30", "identifying_name": "da-itsi-euem:performance.general", "title": "DA-ITSI-EUEM:Performance.General", "is_service_entity_filter": true, "base_search": "tag=euem (tag=inventory OR handled=* OR status_code=* OR exception=* OR dom_processing_time=* OR latency=*) | eventstats count(eval(handled=\"false\")) as crash_count, dc(session_id) as session_count, count(eval(status_code>299)) as http_error_count, count(eval(status_code>=0)) as network_count, count(eval(exception!=\"NA\")) as network_error_count by application_id | fillnull crash_count, session_count, http_error_count, network_count, network_error_count | `evaluate_percentage(crash_rate, crash_count, session_count)` | `evaluate_percentage(http_error_rate, http_error_count, network_count)` | `evaluate_percentage(network_error_rate, network_error_count, network_count)`", "search_alert_earliest": "5", "mod_source": "REST", "description": "KPI base search used by KPIs that track general performance metrics", "mod_timestamp": "2017-09-12T19:56:59.079083+00:00", "object_type": "kpi_base_search"}, {"metric_qualifier": "", "is_entity_breakdown": true, "_immutable": 1, "_owner": "nobody", "entity_alias_filtering_fields": "host", "source_itsi_da": "DA-ITSI-LB", "alert_period": "5", "_user": "nobody", "entity_id_fields": "host", "metrics": [{"entity_statop": "avg", "aggregate_statop": "avg", "threshold_field": "5XX_codes", "unit": "", "title": "5XX_codes", "_key": "5XX_codes"}, {"entity_statop": "avg", "aggregate_statop": "avg", "threshold_field": "interface_connections", "unit": "conn", "title": "interface_connections", "_key": "interface_connections"}, {"entity_statop": "avg", "aggregate_statop": "avg", "threshold_field": "interface_throughput", "unit": "bps", "title": "interface_throughput", "_key": "interface_throughput"}, {"entity_statop": "avg", "aggregate_statop": "avg", "threshold_field": "rtt", "unit": "ms", "title": "rtt", "_key": "rtt"}, {"entity_statop": "avg", "aggregate_statop": "avg", "threshold_field": "sessions", "unit": "", "title": "sessions", "_key": "sessions"}, {"entity_statop": "avg", "aggregate_statop": "avg", "threshold_field": "ssl_tps", "unit": "/sec", "title": "ssl_tps", "_key": "ssl_tps"}, {"entity_statop": "avg", "aggregate_statop": "avg", "threshold_field": "vip_connections", "unit": "conn", "title": "vip_connections", "_key": "vip_connections"}, {"entity_statop": "avg", "aggregate_statop": "avg", "threshold_field": "vip_throughput", "unit": "bps", "title": "vip_throughput", "_key": "vip_throughput"}], "_key": "DA-ITSI-LB_Performance_Connections", "_version": "2.6.1", "alert_lag": "30", "identifying_name": "da-itsi-lb:performance.connections", "title": "DA-ITSI-LB:Performance.Connections", "is_service_entity_filter": true, "base_search": "(tag=loadbalancer tag=performance tag=network)", "search_alert_earliest": "5", "mod_source": "REST", "description": "KPI base search used by KPIs that track network performance", "mod_timestamp": "2017-09-12T19:56:59.290903+00:00", "object_type": "kpi_base_search"}, {"metric_qualifier": "", "is_entity_breakdown": true, "_immutable": 1, "_owner": "nobody", "entity_alias_filtering_fields": "host", "source_itsi_da": "DA-ITSI-LB", "alert_period": "5", "_user": "nobody", "entity_id_fields": "host", "metrics": [{"entity_statop": "max", "aggregate_statop": "max", "threshold_field": "cpu_load_percent", "unit": "%", "title": "cpu_load_percent", "_key": "cpu_load_percent"}, {"entity_statop": "max", "aggregate_statop": "max", "threshold_field": "mem_used_percent", "unit": "%", "title": "mem_used_percent", "_key": "mem_used_percent"}, {"entity_statop": "max", "aggregate_statop": "max", "threshold_field": "storage_used_percent", "unit": "%", "title": "storage_used_percent", "_key": "storage_used_percent"}], "_key": "DA-ITSI-LB_Performance_Platform", "_version": "2.6.1", "alert_lag": "30", "identifying_name": "da-itsi-lb:performance.platform", "title": "DA-ITSI-LB:Performance.Platform", "is_service_entity_filter": true, "base_search": "(tag=loadbalancer tag=performance tag=cpu OR tag=memory OR tag=storage)", "search_alert_earliest": "5", "mod_source": "REST", "description": "KPI base search used by KPIs that track platform performance", "mod_timestamp": "2017-09-12T19:56:59.668983+00:00", "object_type": "kpi_base_search"}, {"metric_qualifier": "", "is_entity_breakdown": true, "_immutable": 1, "_owner": "nobody", "entity_alias_filtering_fields": "host", "source_itsi_da": "DA-ITSI-LB", "alert_period": "5", "_user": "nobody", "entity_id_fields": "host", "metrics": [{"entity_statop": "min", "aggregate_statop": "min", "threshold_field": "avl_status", "unit": "", "title": "avl_status", "_key": "avl_status"}, {"entity_statop": "min", "aggregate_statop": "min", "threshold_field": "failover_status", "unit": "", "title": "failover_status", "_key": "failover_status"}], "_key": "DA-ITSI-LB_Performance_Statistics", "_version": "2.6.1", "alert_lag": "30", "identifying_name": "da-itsi-lb:performance.statistics", "title": "DA-ITSI-LB:Performance.Statistics", "is_service_entity_filter": true, "base_search": "(tag=loadbalancer tag=performance avl_status=* OR failover_status=* OR avl_status_string=* OR failover_status_string=*)", "search_alert_earliest": "5", "mod_source": "REST", "description": "KPI base search used by KPIs that track server status", "mod_timestamp": "2017-09-12T19:56:59.803012+00:00", "object_type": "kpi_base_search"}, {"metric_qualifier": "", "is_entity_breakdown": true, "_immutable": 1, "_owner": "nobody", "entity_alias_filtering_fields": "host", "source_itsi_da": "DA-ITSI-OS", "alert_period": "1", "_user": "nobody", "entity_id_fields": "host", "metrics": [{"entity_statop": "avg", "aggregate_statop": "avg", "threshold_field": "cpu_interrupts", "unit": "ct/s", "title": "cpu_interrupts", "_key": "cpu_interrupts"}, {"entity_statop": "avg", "aggregate_statop": "avg", "threshold_field": "cpu_load_percent", "unit": "%", "title": "cpu_load_percent", "_key": "cpu_load_percent"}, {"entity_statop": "avg", "aggregate_statop": "avg", "threshold_field": "system_threads_count", "unit": "count", "title": "system_threads_count", "_key": "system_threads_count"}, {"entity_statop": "avg", "aggregate_statop": "avg", "threshold_field": "wait_threads_count", "unit": "thds", "title": "wait_threads_count", "_key": "wait_threads_count"}], "_key": "DA-ITSI-OS_Performance_CPU", "_version": "2.6.1", "alert_lag": "30", "identifying_name": "da-itsi-os:performance.cpu", "title": "DA-ITSI-OS:Performance.CPU", "is_service_entity_filter": true, "base_search": "(index=* tag=oshost tag=performance tag=cpu)", "search_alert_earliest": "1", "mod_source": "REST", "description": "KPI base search used by KPIs that track CPU performance", "mod_timestamp": "2017-09-12T19:56:59.908120+00:00", "object_type": "kpi_base_search"}, {"metric_qualifier": "", "is_entity_breakdown": true, "_immutable": 1, "_owner": "nobody", "entity_alias_filtering_fields": "host", "source_itsi_da": "DA-ITSI-OS", "alert_period": "1", "_user": "nobody", "entity_id_fields": "host", "metrics": [{"entity_statop": "avg", "aggregate_statop": "avg", "threshold_field": "mem_free", "unit": "MB", "title": "mem_free", "_key": "mem_free"}, {"entity_statop": "avg", "aggregate_statop": "avg", "threshold_field": "mem_free_percent", "unit": "%", "title": "mem_free_percent", "_key": "mem_free_percent"}, {"entity_statop": "avg", "aggregate_statop": "avg", "threshold_field": "mem_page_ops", "unit": "op/s", "title": "mem_page_ops", "_key": "mem_page_ops"}, {"entity_statop": "avg", "aggregate_statop": "avg", "threshold_field": "mem_used", "unit": "MB", "title": "mem_used", "_key": "mem_used"}], "_key": "DA-ITSI-OS_Performance_Memory", "_version": "2.6.1", "alert_lag": "30", "identifying_name": "da-itsi-os:performance.memory", "title": "DA-ITSI-OS:Performance.Memory", "is_service_entity_filter": true, "base_search": "(index=* tag=oshost tag=performance tag=memory)", "search_alert_earliest": "1", "mod_source": "REST", "description": "KPI base search used by KPIs that track memory performance", "mod_timestamp": "2017-09-12T19:57:00.091622+00:00", "object_type": "kpi_base_search"}, {"metric_qualifier": "", "is_entity_breakdown": true, "_immutable": 1, "_owner": "nobody", "entity_alias_filtering_fields": "host", "source_itsi_da": "DA-ITSI-OS", "alert_period": "1", "_user": "nobody", "entity_id_fields": "host", "metrics": [{"entity_statop": "avg", "aggregate_statop": "avg", "threshold_field": "bytes", "unit": "bps", "title": "bytes", "_key": "bytes"}], "_key": "DA-ITSI-OS_Performance_Network", "_version": "2.6.1", "alert_lag": "30", "identifying_name": "da-itsi-os:performance.network", "title": "DA-ITSI-OS:Performance.Network", "is_service_entity_filter": true, "base_search": "(index=* tag=oshost tag=performance tag=network)", "search_alert_earliest": "1", "mod_source": "REST", "description": "KPI base search used by KPIs that track network performance", "mod_timestamp": "2017-09-12T19:57:00.231020+00:00", "object_type": "kpi_base_search"}, {"metric_qualifier": "", "is_entity_breakdown": true, "_immutable": 1, "_owner": "nobody", "entity_alias_filtering_fields": "host", "source_itsi_da": "DA-ITSI-OS", "alert_period": "1", "_user": "nobody", "entity_id_fields": "host", "metrics": [{"entity_statop": "avg", "aggregate_statop": "avg", "threshold_field": "packets", "unit": "", "title": "packets", "_key": "packets"}], "_key": "DA-ITSI-OS_Performance_Network_Packets", "_version": "2.6.1", "alert_lag": "30", "identifying_name": "da-itsi-os:performance.network.packets", "title": "DA-ITSI-OS:Performance.Network.Packets", "is_service_entity_filter": true, "base_search": "(index=* tag=oshost tag=performance tag=network)", "search_alert_earliest": "5", "mod_source": "REST", "description": "KPI base search used by total packets KPI", "mod_timestamp": "2017-09-12T19:57:00.335490+00:00", "object_type": "kpi_base_search"}, {"metric_qualifier": "", "is_entity_breakdown": true, "_immutable": 1, "_owner": "nobody", "entity_alias_filtering_fields": "host", "source_itsi_da": "DA-ITSI-OS", "alert_period": "1", "_user": "nobody", "entity_id_fields": "host", "metrics": [{"entity_statop": "min", "aggregate_statop": "min", "threshold_field": "storage_free_percent", "unit": "%", "title": "storage_free_percent", "_key": "storage_free_percent"}, {"entity_statop": "avg", "aggregate_statop": "avg", "threshold_field": "total_ops", "unit": "op/s", "title": "total_ops", "_key": "total_ops"}], "_key": "DA-ITSI-OS_Performance_Storage", "_version": "2.6.1", "alert_lag": "30", "identifying_name": "da-itsi-os:performance.storage", "title": "DA-ITSI-OS:Performance.Storage", "is_service_entity_filter": true, "base_search": "(index=* tag=oshost tag=performance tag=storage)", "search_alert_earliest": "1", "mod_source": "REST", "description": "KPI base search used by KPIs that track storage performance", "mod_timestamp": "2017-09-12T19:57:00.559058+00:00", "object_type": "kpi_base_search"}, {"metric_qualifier": "", "is_entity_breakdown": true, "_immutable": 1, "_owner": "nobody", "entity_alias_filtering_fields": "host", "source_itsi_da": "DA-ITSI-OS", "alert_period": "5", "_user": "nobody", "entity_id_fields": "host", "metrics": [{"entity_statop": "avg", "aggregate_statop": "avg", "threshold_field": "latency", "unit": "ms", "title": "latency", "_key": "latency"}], "_key": "DA-ITSI-OS_Performance_Storage_Latency", "_version": "2.6.1", "alert_lag": "30", "identifying_name": "da-itsi-os:performance.storage.latency", "title": "DA-ITSI-OS:Performance.Storage.Latency", "is_service_entity_filter": true, "base_search": "(index=* tag=oshost tag=performance tag=storage)", "search_alert_earliest": "5", "mod_source": "REST", "description": "KPI base search used by storage latency KPI", "mod_timestamp": "2017-09-12T19:57:00.961077+00:00", "object_type": "kpi_base_search"}, {"metric_qualifier": "", "is_entity_breakdown": true, "_immutable": 1, "_owner": "nobody", "entity_alias_filtering_fields": "disk_id", "source_itsi_da": "DA-ITSI-STORAGE", "alert_period": "5", "_user": "nobody", "entity_id_fields": "disk_id", "metrics": [{"entity_statop": "max", "aggregate_statop": "max", "threshold_field": "latency", "unit": "ms", "title": "latency", "_key": "latency"}, {"entity_statop": "avg", "aggregate_statop": "avg", "threshold_field": "read_latency", "unit": "ms", "title": "read_latency", "_key": "read_latency"}, {"entity_statop": "avg", "aggregate_statop": "avg", "threshold_field": "write_latency", "unit": "ms", "title": "write_latency", "_key": "write_latency"}, {"entity_statop": "avg", "aggregate_statop": "avg", "threshold_field": "io_ops", "unit": "ct/s", "title": "io_ops", "_key": "io_ops"}, {"entity_statop": "avg", "aggregate_statop": "avg", "threshold_field": "read_blocks", "unit": "ct/s", "title": "read_blocks", "_key": "read_blocks"}, {"entity_statop": "avg", "aggregate_statop": "avg", "threshold_field": "write_blocks", "unit": "ct/s", "title": "write_blocks", "_key": "write_blocks"}, {"entity_statop": "avg", "aggregate_statop": "avg", "threshold_field": "storage_read_throughput_mbps", "unit": "MBps", "title": "storage_read_throughput_mbps", "_key": "storage_read_throughput_mbps"}, {"entity_statop": "avg", "aggregate_statop": "avg", "threshold_field": "storage_write_throughput_mbps", "unit": "MBps", "title": "storage_write_throughput_mbps", "_key": "storage_write_throughput_mbps"}], "_key": "DA-ITSI-STORAGE_Disk_Search", "_version": "2.6.1", "alert_lag": "30", "identifying_name": "da-itsi-storage:disk.performance", "title": "DA-ITSI-STORAGE:Disk.Performance", "is_service_entity_filter": true, "base_search": "| savedsearch DA-ITSI-STORAGE-Disk_Base_Search", "search_alert_earliest": "15", "mod_source": "REST", "description": "KPI base search used by KPIs that track Disk performance, defined by Storage Module", "mod_timestamp": "2017-09-12T19:57:01.302095+00:00", "object_type": "kpi_base_search"}, {"metric_qualifier": "", "is_entity_breakdown": true, "_immutable": 1, "_owner": "nobody", "entity_alias_filtering_fields": "lun_id", "source_itsi_da": "DA-ITSI-STORAGE", "alert_period": "5", "_user": "nobody", "entity_id_fields": "lun_id", "metrics": [{"entity_statop": "max", "aggregate_statop": "max", "threshold_field": "latency", "unit": "ms", "title": "latency", "_key": "latency"}, {"entity_statop": "avg", "aggregate_statop": "avg", "threshold_field": "read_latency", "unit": "ms", "title": "read_latency", "_key": "read_latency"}, {"entity_statop": "avg", "aggregate_statop": "avg", "threshold_field": "write_latency", "unit": "ms", "title": "write_latency", "_key": "write_latency"}, {"entity_statop": "avg", "aggregate_statop": "avg", "threshold_field": "io_ops", "unit": "ct/s", "title": "io_ops", "_key": "io_ops"}, {"entity_statop": "avg", "aggregate_statop": "avg", "threshold_field": "storage_read_throughput_mbps", "unit": "MBps", "title": "storage_read_throughput_mbps", "_key": "storage_read_throughput_mbps"}, {"entity_statop": "avg", "aggregate_statop": "avg", "threshold_field": "storage_write_throughput_mbps", "unit": "MBps", "title": "storage_write_throughput_mbps", "_key": "storage_write_throughput_mbps"}], "_key": "DA-ITSI-STORAGE_LUN_Search", "_version": "2.6.1", "alert_lag": "30", "identifying_name": "da-itsi-storage:lun.performance", "title": "DA-ITSI-STORAGE:LUN.Performance", "is_service_entity_filter": true, "base_search": "| savedsearch DA-ITSI-STORAGE-LUN_Base_Search", "search_alert_earliest": "15", "mod_source": "REST", "description": "KPI base search used by KPIs that track LUN performance, defined by Storage Module", "mod_timestamp": "2017-09-12T19:57:01.565914+00:00", "object_type": "kpi_base_search"}, {"metric_qualifier": "", "is_entity_breakdown": true, "_immutable": 1, "_owner": "nobody", "entity_alias_filtering_fields": "array_id", "source_itsi_da": "DA-ITSI-STORAGE", "alert_period": "5", "_user": "nobody", "entity_id_fields": "array_id", "metrics": [{"entity_statop": "max", "aggregate_statop": "max", "threshold_field": "latency", "unit": "ms", "title": "latency", "_key": "latency"}, {"entity_statop": "avg", "aggregate_statop": "avg", "threshold_field": "read_latency", "unit": "ms", "title": "read_latency", "_key": "read_latency"}, {"entity_statop": "avg", "aggregate_statop": "avg", "threshold_field": "write_latency", "unit": "ms", "title": "write_latency", "_key": "write_latency"}, {"entity_statop": "avg", "aggregate_statop": "avg", "threshold_field": "io_ops", "unit": "ct/s", "title": "io_ops", "_key": "io_ops"}, {"entity_statop": "avg", "aggregate_statop": "avg", "threshold_field": "cpu_load_percent", "unit": "%", "title": "cpu_load_percent", "_key": "cpu_load_percent"}, {"entity_statop": "avg", "aggregate_statop": "avg", "threshold_field": "storage_read_throughput_mbps", "unit": "MBps", "title": "storage_read_throughput_mbps", "_key": "storage_read_throughput_mbps"}, {"entity_statop": "avg", "aggregate_statop": "avg", "threshold_field": "storage_write_throughput_mbps", "unit": "MBps", "title": "storage_write_throughput_mbps", "_key": "storage_write_throughput_mbps"}, {"entity_statop": "avg", "aggregate_statop": "avg", "threshold_field": "network_usage_in_mbps", "unit": "MBps", "title": "network_usage_in_mbps", "_key": "network_usage_in_mbps"}, {"entity_statop": "avg", "aggregate_statop": "avg", "threshold_field": "network_usage_out_mbps", "unit": "MBps", "title": "network_usage_out_mbps", "_key": "network_usage_out_mbps"}], "_key": "DA-ITSI-STORAGE_Storage_Array_Search", "_version": "2.6.1", "alert_lag": "30", "identifying_name": "da-itsi-storage:storage_array.performance", "title": "DA-ITSI-STORAGE:Storage_Array.Performance", "is_service_entity_filter": true, "base_search": "| savedsearch DA-ITSI-STORAGE-Storage_Array_Base_Search", "search_alert_earliest": "15", "mod_source": "REST", "description": "KPI base search used by KPIs that track Storage Array performance, defined by Storage Module", "mod_timestamp": "2017-09-12T19:57:01.861269+00:00", "object_type": "kpi_base_search"}, {"metric_qualifier": "", "is_entity_breakdown": true, "_immutable": 1, "_owner": "nobody", "entity_alias_filtering_fields": "pool_id", "source_itsi_da": "DA-ITSI-STORAGE", "alert_period": "5", "_user": "nobody", "entity_id_fields": "pool_id", "metrics": [{"entity_statop": "avg", "aggregate_statop": "avg", "threshold_field": "io_ops", "unit": "ct/s", "title": "io_ops", "_key": "io_ops"}, {"entity_statop": "avg", "aggregate_statop": "avg", "threshold_field": "storage_used_percent", "unit": "%", "title": "storage_used_percent", "_key": "storage_used_percent"}], "_key": "DA-ITSI-STORAGE_Storage_Pool_Search", "_version": "2.6.1", "alert_lag": "30", "identifying_name": "da-itsi-storage:storage_pool.performance", "title": "DA-ITSI-STORAGE:Storage_Pool.Performance", "is_service_entity_filter": true, "base_search": "| savedsearch DA-ITSI-STORAGE-Storage_Pool_Base_Search", "search_alert_earliest": "15", "mod_source": "REST", "description": "KPI base search used by KPIs that track Storage Pool performance, defined by Storage Module", "mod_timestamp": "2017-09-12T19:57:02.363212+00:00", "object_type": "kpi_base_search"}, {"metric_qualifier": "", "is_entity_breakdown": true, "_immutable": 1, "_owner": "nobody", "entity_alias_filtering_fields": "volume_id", "source_itsi_da": "DA-ITSI-STORAGE", "alert_period": "5", "_user": "nobody", "entity_id_fields": "volume_id", "metrics": [{"entity_statop": "max", "aggregate_statop": "max", "threshold_field": "latency", "unit": "ms", "title": "latency", "_key": "latency"}, {"entity_statop": "avg", "aggregate_statop": "avg", "threshold_field": "read_latency", "unit": "ms", "title": "read_latency", "_key": "read_latency"}, {"entity_statop": "avg", "aggregate_statop": "avg", "threshold_field": "write_latency", "unit": "ms", "title": "write_latency", "_key": "write_latency"}, {"entity_statop": "avg", "aggregate_statop": "avg", "threshold_field": "io_ops", "unit": "ct/s", "title": "io_ops", "_key": "io_ops"}, {"entity_statop": "avg", "aggregate_statop": "avg", "threshold_field": "storage_read_throughput_mbps", "unit": "MBps", "title": "storage_read_throughput_mbps", "_key": "storage_read_throughput_mbps"}, {"entity_statop": "avg", "aggregate_statop": "avg", "threshold_field": "storage_write_throughput_mbps", "unit": "MBps", "title": "storage_write_throughput_mbps", "_key": "storage_write_throughput_mbps"}], "_key": "DA-ITSI-STORAGE_Volume_Search", "_version": "2.6.1", "alert_lag": "30", "identifying_name": "da-itsi-storage:volume.performance", "title": "DA-ITSI-STORAGE:Volume.Performance", "is_service_entity_filter": true, "base_search": "| savedsearch DA-ITSI-STORAGE-Volume_Base_Search", "search_alert_earliest": "15", "mod_source": "REST", "description": "KPI base search used by KPIs that track Volume performance, defined by Storage Module", "mod_timestamp": "2017-09-12T19:57:02.898507+00:00", "object_type": "kpi_base_search"}, {"metric_qualifier": "", "is_entity_breakdown": true, "_immutable": 1, "_owner": "nobody", "entity_alias_filtering_fields": "datastore_id", "source_itsi_da": "DA-ITSI-VIRTUALIZATION", "alert_period": "5", "_user": "nobody", "entity_id_fields": "datastore_id", "metrics": [{"entity_statop": "max", "aggregate_statop": "max", "threshold_field": "datastore_highest_latency", "unit": "ms", "title": "datastore_highest_latency", "_key": "datastore_highest_latency"}, {"entity_statop": "max", "aggregate_statop": "max", "threshold_field": "datastore_read_latency", "unit": "ms", "title": "datastore_read_latency", "_key": "datastore_read_latency"}, {"entity_statop": "max", "aggregate_statop": "max", "threshold_field": "datastore_write_latency", "unit": "ms", "title": "datastore_write_latency", "_key": "datastore_write_latency"}, {"entity_statop": "avg", "aggregate_statop": "avg", "threshold_field": "datastore_used_percent", "unit": "%", "title": "datastore_used_percent", "_key": "datastore_used_percent"}], "_key": "DA-ITSI-VIRTUALIZATION_Datastore_Performance_Storage_Search", "_version": "2.6.1", "alert_lag": "30", "identifying_name": "da-itsi-virtualization:datastore.performance.storage", "title": "DA-ITSI-VIRTUALIZATION:Datastore.Performance.Storage", "is_service_entity_filter": true, "base_search": "tag=datastore tag=storage tag=performance tag=virtualization", "search_alert_earliest": "15", "mod_source": "REST", "description": "KPI base search for KPIs measuring Datastore Storage metrics, defined by Virtualization Module.", "mod_timestamp": "2017-09-12T19:57:03.419718+00:00", "object_type": "kpi_base_search"}, {"metric_qualifier": "", "is_entity_breakdown": true, "_immutable": 1, "_owner": "nobody", "entity_alias_filtering_fields": "hypervisor_id", "source_itsi_da": "DA-ITSI-VIRTUALIZATION", "alert_period": "5", "_user": "nobody", "entity_id_fields": "hypervisor_id", "metrics": [{"entity_statop": "avg", "aggregate_statop": "avg", "threshold_field": "cpu_allocation_percent", "unit": "%", "title": "cpu_allocation_percent", "_key": "cpu_allocation_percent"}, {"entity_statop": "avg", "aggregate_statop": "avg", "threshold_field": "cpu_load_percent", "unit": "%", "title": "cpu_load_percent", "_key": "cpu_load_percent"}, {"entity_statop": "avg", "aggregate_statop": "avg", "threshold_field": "cpu_demand", "unit": "MHz", "title": "cpu_demand", "_key": "cpu_demand"}], "_key": "DA-ITSI-VIRTUALIZATION_Hypervisor_Performance_CPU_Search", "_version": "2.6.1", "alert_lag": "30", "identifying_name": "da-itsi-virtualization:hypervisor.performance.cpu", "title": "DA-ITSI-VIRTUALIZATION:Hypervisor.Performance.CPU", "is_service_entity_filter": true, "base_search": "tag=hostsystem tag=cpu tag=performance tag=virtualization", "search_alert_earliest": "15", "mod_source": "REST", "description": "KPI base search for KPIs measuring Hypervisor CPU metrics, defined by Virtualization Module.", "mod_timestamp": "2017-09-12T19:57:03.737130+00:00", "object_type": "kpi_base_search"}, {"metric_qualifier": "", "is_entity_breakdown": true, "_immutable": 1, "_owner": "nobody", "entity_alias_filtering_fields": "hypervisor_id", "source_itsi_da": "DA-ITSI-VIRTUALIZATION", "alert_period": "5", "_user": "nobody", "entity_id_fields": "hypervisor_id", "metrics": [{"entity_statop": "avg", "aggregate_statop": "avg", "threshold_field": "mem_page_rate", "unit": "cnt", "title": "mem_page_rate", "_key": "mem_page_rate"}, {"entity_statop": "avg", "aggregate_statop": "avg", "threshold_field": "mem_provisioned_MB", "unit": "MB", "title": "mem_provisioned_MB", "_key": "mem_provisioned_MB"}, {"entity_statop": "avg", "aggregate_statop": "avg", "threshold_field": "mem_usage_percent", "unit": "%", "title": "mem_usage_percent", "_key": "mem_usage_percent"}], "_key": "DA-ITSI-VIRTUALIZATION_Hypervisor_Performance_Memory_Search", "_version": "2.6.1", "alert_lag": "30", "identifying_name": "da-itsi-virtualization:hypervisor.performance.memory", "title": "DA-ITSI-VIRTUALIZATION:Hypervisor.Performance.Memory", "is_service_entity_filter": true, "base_search": "tag=hostsystem tag=memory tag=performance tag=virtualization | eval mem_provisioned_MB = mem_provisioned/1048576", "search_alert_earliest": "15", "mod_source": "REST", "description": "KPI base search for KPIs measuring Hypervisor Memory metrics, defined by Virtualization Module.", "mod_timestamp": "2017-09-12T19:57:04.041687+00:00", "object_type": "kpi_base_search"}, {"metric_qualifier": "", "is_entity_breakdown": true, "_immutable": 1, "_owner": "nobody", "entity_alias_filtering_fields": "hypervisor_id", "source_itsi_da": "DA-ITSI-VIRTUALIZATION", "alert_period": "5", "_user": "nobody", "entity_id_fields": "hypervisor_id", "metrics": [{"entity_statop": "avg", "aggregate_statop": "avg", "threshold_field": "network_usage", "unit": "KBps", "title": "network_usage", "_key": "network_usage"}], "_key": "DA-ITSI-VIRTUALIZATION_Hypervisor_Performance_Network_Search", "_version": "2.6.1", "alert_lag": "30", "identifying_name": "da-itsi-virtualization:hypervisor.performance.network", "title": "DA-ITSI-VIRTUALIZATION:Hypervisor.Performance.Network", "is_service_entity_filter": true, "base_search": "tag=hostsystem tag=network tag=performance tag=virtualization", "search_alert_earliest": "15", "mod_source": "REST", "description": "KPI base search for KPIs measuring Hypervisor Network metrics, defined by Virtualization Module.", "mod_timestamp": "2017-09-12T19:57:04.439186+00:00", "object_type": "kpi_base_search"}, {"metric_qualifier": "", "is_entity_breakdown": true, "_immutable": 1, "_owner": "nobody", "entity_alias_filtering_fields": "hypervisor_id", "source_itsi_da": "DA-ITSI-VIRTUALIZATION", "alert_period": "5", "_user": "nobody", "entity_id_fields": "hypervisor_id", "metrics": [{"entity_statop": "max", "aggregate_statop": "max", "threshold_field": "highest_latency", "unit": "ms", "title": "highest_latency", "_key": "highest_latency"}, {"entity_statop": "max", "aggregate_statop": "max", "threshold_field": "read_latency", "unit": "ms", "title": "read_latency", "_key": "read_latency"}, {"entity_statop": "max", "aggregate_statop": "max", "threshold_field": "write_latency", "unit": "ms", "title": "write_latency", "_key": "write_latency"}], "_key": "DA-ITSI-VIRTUALIZATION_Hypervisor_Performance_Storage_Search", "_version": "2.6.1", "alert_lag": "30", "identifying_name": "da-itsi-virtualization:hypervisor.performance.storage", "title": "DA-ITSI-VIRTUALIZATION:Hypervisor.Performance.Storage", "is_service_entity_filter": true, "base_search": "tag=hostsystem tag=storage tag=performance tag=virtualization", "search_alert_earliest": "15", "mod_source": "REST", "description": "KPI base search for KPIs measuring Hypervisor Storage metrics, defined by Virtualization Module.", "mod_timestamp": "2017-09-12T19:57:04.816953+00:00", "object_type": "kpi_base_search"}, {"metric_qualifier": "", "is_entity_breakdown": true, "_immutable": 1, "_owner": "nobody", "entity_alias_filtering_fields": "vm_id", "source_itsi_da": "DA-ITSI-VIRTUALIZATION", "alert_period": "5", "_user": "nobody", "entity_id_fields": "vm_id", "metrics": [{"entity_statop": "avg", "aggregate_statop": "avg", "threshold_field": "cpu_load_percent", "unit": "%", "title": "cpu_load_percent", "_key": "cpu_load_percent"}, {"entity_statop": "avg", "aggregate_statop": "avg", "threshold_field": "cpu_demand", "unit": "MHz", "title": "cpu_demand", "_key": "cpu_demand"}], "_key": "DA-ITSI-VIRTUALIZATION_Virtual_Machine_Performance_CPU_Search", "_version": "2.6.1", "alert_lag": "30", "identifying_name": "da-itsi-virtualization:virtual_machine.performance.cpu", "title": "DA-ITSI-VIRTUALIZATION:Virtual_Machine.Performance.CPU", "is_service_entity_filter": true, "base_search": "tag=virtualmachine tag=cpu tag=performance tag=virtualization", "search_alert_earliest": "15", "mod_source": "REST", "description": "KPI base search for KPIs measuring Virtual Machine CPU metrics, defined by Virtualization Module.", "mod_timestamp": "2017-09-12T19:57:05.039810+00:00", "object_type": "kpi_base_search"}, {"metric_qualifier": "", "is_entity_breakdown": true, "_immutable": 1, "_owner": "nobody", "entity_alias_filtering_fields": "vm_id", "source_itsi_da": "DA-ITSI-VIRTUALIZATION", "alert_period": "5", "_user": "nobody", "entity_id_fields": "vm_id", "metrics": [{"entity_statop": "avg", "aggregate_statop": "avg", "threshold_field": "mem_reserved_MB", "unit": "MB", "title": "mem_reserved_MB", "_key": "mem_reserved_MB"}, {"entity_statop": "avg", "aggregate_statop": "avg", "threshold_field": "mem_provisioned_MB", "unit": "MB", "title": "mem_provisioned_MB", "_key": "mem_provisioned_MB"}, {"entity_statop": "avg", "aggregate_statop": "avg", "threshold_field": "mem_usage_percent", "unit": "%", "title": "mem_usage_percent", "_key": "mem_usage_percent"}], "_key": "DA-ITSI-VIRTUALIZATION_Virtual_Machine_Performance_Memory_Search", "_version": "2.6.1", "alert_lag": "30", "identifying_name": "da-itsi-virtualization:virtual_machine.performance.memory", "title": "DA-ITSI-VIRTUALIZATION:Virtual_Machine.Performance.Memory", "is_service_entity_filter": true, "base_search": "tag=virtualmachine tag=memory tag=performance tag=virtualization | eval mem_reserved_MB = mem_reserved/1048576 | eval mem_provisioned_MB = mem_provisioned/1048576", "search_alert_earliest": "15", "mod_source": "REST", "description": "KPI base search for KPIs measuring Virtual Machine Memory metrics, defined by Virtualization Module.", "mod_timestamp": "2017-09-12T19:57:05.709611+00:00", "object_type": "kpi_base_search"}, {"metric_qualifier": "", "is_entity_breakdown": true, "_immutable": 1, "_owner": "nobody", "entity_alias_filtering_fields": "vm_id", "source_itsi_da": "DA-ITSI-VIRTUALIZATION", "alert_period": "5", "_user": "nobody", "entity_id_fields": "vm_id", "metrics": [{"entity_statop": "avg", "aggregate_statop": "avg", "threshold_field": "network_usage", "unit": "KBps", "title": "network_usage", "_key": "network_usage"}], "_key": "DA-ITSI-VIRTUALIZATION_Virtual_Machine_Performance_Network_Search", "_version": "2.6.1", "alert_lag": "30", "identifying_name": "da-itsi-virtualization:virtual_machine.performance.network", "title": "DA-ITSI-VIRTUALIZATION:Virtual_Machine.Performance.Network", "is_service_entity_filter": true, "base_search": "tag=virtualmachine tag=network tag=performance tag=virtualization", "search_alert_earliest": "15", "mod_source": "REST", "description": "KPI base search for KPIs measuring Virtual Machine Network metrics, defined by Virtualization Module.", "mod_timestamp": "2017-09-12T19:57:06.168633+00:00", "object_type": "kpi_base_search"}, {"metric_qualifier": "", "is_entity_breakdown": true, "_immutable": 1, "_owner": "nobody", "entity_alias_filtering_fields": "vm_id", "source_itsi_da": "DA-ITSI-VIRTUALIZATION", "alert_period": "5", "_user": "nobody", "entity_id_fields": "vm_id", "metrics": [{"entity_statop": "max", "aggregate_statop": "max", "threshold_field": "highest_latency", "unit": "ms", "title": "highest_latency", "_key": "highest_latency"}, {"entity_statop": "max", "aggregate_statop": "max", "threshold_field": "read_latency", "unit": "ms", "title": "read_latency", "_key": "read_latency"}, {"entity_statop": "max", "aggregate_statop": "max", "threshold_field": "write_latency", "unit": "ms", "title": "write_latency", "_key": "write_latency"}, {"entity_statop": "avg", "aggregate_statop": "avg", "threshold_field": "storage_used_percent", "unit": "%", "title": "storage_used_percent", "_key": "storage_used_percent"}], "_key": "DA-ITSI-VIRTUALIZATION_Virtual_Machine_Performance_Storage_Search", "_version": "2.6.1", "alert_lag": "30", "identifying_name": "da-itsi-virtualization:virtual_machine.performance.storage", "title": "DA-ITSI-VIRTUALIZATION:Virtual_Machine.Performance.Storage", "is_service_entity_filter": true, "base_search": "tag=virtualmachine tag=storage tag=performance tag=virtualization", "search_alert_earliest": "15", "mod_source": "REST", "description": "KPI base search for KPIs measuring Virtual Machine Storage metrics, defined by Virtualization Module.", "mod_timestamp": "2017-09-12T19:57:06.596710+00:00", "object_type": "kpi_base_search"}, {"metric_qualifier": "", "is_entity_breakdown": true, "_immutable": 1, "_owner": "nobody", "entity_alias_filtering_fields": "web_server", "source_itsi_da": "DA-ITSI-WEBSERVER", "alert_period": "5", "_user": "nobody", "entity_id_fields": "web_server", "metrics": [{"entity_statop": "count", "aggregate_statop": "avg", "threshold_field": "4xx_status", "unit": "", "title": "4xx Errors", "_key": "4xx_status"}, {"entity_statop": "count", "aggregate_statop": "avg", "threshold_field": "5xx_status", "unit": "", "title": "5xx Errors", "_key": "5xx_status"}, {"entity_statop": "sum", "aggregate_statop": "avg", "threshold_field": "bytes_in", "unit": "b", "title": "Bytes In", "_key": "bytes_in"}, {"entity_statop": "sum", "aggregate_statop": "avg", "threshold_field": "bytes_out", "unit": "b", "title": "Bytes Out", "_key": "bytes_out"}, {"entity_statop": "avg", "aggregate_statop": "avg", "threshold_field": "response_time", "unit": "ms", "title": "Response Time", "_key": "response_time"}], "_key": "DA-ITSI-WEBSERVER_Activity", "_version": "2.6.1", "alert_lag": "30", "identifying_name": "da-itsi-webserver:activity", "title": "DA-ITSI-WEBSERVER:Activity", "is_service_entity_filter": true, "base_search": "tag=web tag=activity | eval 4xx_status=if(status>=400 AND status<500, status, null()), 5xx_status=if(status >= 500 AND status<600, status, null())", "search_alert_earliest": "5", "mod_source": "REST", "description": "The base search for computing various Web Server KPIs", "mod_timestamp": "2017-09-12T19:57:06.848775+00:00", "object_type": "kpi_base_search"}]