[{"sub_group_limit": "", "_key": "59fc824ac24ec5086639ecf1", "title": "Netcool ObjectServer", "ace_enabled": 0, "_owner": "nobody", "ace_split_by_field": "", "ace_factor_weights": [{"factor_name": "text", "factor_weight": 0.5}, {"factor_name": "attribute", "factor_weight": 0.5}], "ace_group_description": "%description%", "ace_field_analysis_start_time": 0, "ace_field_analysis_end_time": 0, "acl": {"modifiable": true, "can_share_app": true, "can_change_perms": true, "sharing": "app", "owner": "admin", "can_share_user": true, "can_write": true, "can_share_global": true, "perms": {"read": ["*"], "write": ["*"]}}, "rules": [{"activation_criteria": {"condition": "AND", "items": [{"type": "breaking_criteria"}]}, "_key": "4f1cf89b7348d301091622f0", "description": "", "actions": [{"condition": "AND", "items": [{"type": "notable_event_change", "config": {"value": "2", "field": "severity"}, "execution_criteria": {"execute_on": "ALL"}}, {"type": "notable_event_change", "config": {"value": "5", "field": "status"}, "execution_criteria": {"execute_on": "ALL"}}]}], "title": "", "priority": 5}], "description": "", "disabled": 0, "group_status": "%status%", "split_by_field": "Identifier", "group_description": "%description%", "_user": "nobody", "ace_group_assignee": "%owner%", "ace_group_status": "%status%", "create_time": 1509720650.54281, "is_default": 0, "source_itsi_da": "itsi", "mod_time": 1509720650.54281, "object_type": "notable_aggregation_policy", "ace_group_severity": "%severity%", "group_assignee": "%owner%", "group_severity": "%severity%", "priority": "", "ace_factor_fields": [], "ace_breaking_criteria": {"condition": "OR", "items": [{"config": {"limit": "7200"}, "type": "pause"}]}, "group_title": "%title%", "identifying_name": "netcool objectserver", "breaking_criteria": {"condition": "OR", "items": [{"config": {"condition": "AND", "items": [{"config": {"value": "2", "operator": "=", "field": "severity"}, "type": "notable_event_field"}]}, "type": "clause"}]}, "ace_group_title": "%title%", "filter_criteria": {"condition": "OR", "items": [{"config": {"condition": "AND", "items": [{"config": {"value": "*", "operator": "=", "field": "Identifier"}, "type": "notable_event_field"}]}, "type": "clause"}]}}, {"_key": "itsi_default_policy", "disabled": 0, "object_type": "notable_aggregation_policy", "is_default": 1, "title": "Default Policy", "mod_time": 1505327767.52279, "filter_criteria": {"condition": "OR", "items": []}, "group_description": "%description%", "group_assignee": "%owner%", "group_severity": "%severity%", "priority": 5, "rules": [], "group_title": "%title%", "create_time": 1503066873.82383, "description": "Applies to events which fail to meet the criteria of any other active policy", "group_status": "%status%", "split_by_field": "source", "breaking_criteria": {"condition": "OR", "items": [{"config": {"limit": "7200"}, "type": "pause"}]}, "identifying_name": "default policy", "_user": "nobody"}]